txt_index,hf_index,match_method,match_score,txt_source_sha256,hf_source_sha256
0,186,exact,1.0,6fc9e76dac3b2404d4f84ecac3dcfd5146e76a0287e31c5fd821e68c19541bc1,6fc9e76dac3b2404d4f84ecac3dcfd5146e76a0287e31c5fd821e68c19541bc1
1,564,exact,1.0,367ca6008f1b55b787af5cb9f2e2634dd0eb84a7290c4217dcb4ddfa007ad05a,367ca6008f1b55b787af5cb9f2e2634dd0eb84a7290c4217dcb4ddfa007ad05a
2,107,exact,1.0,baadf7cc31bd4d2691aa8086d353a214e2b7e27d4d6c5739c4a4752d6594074f,baadf7cc31bd4d2691aa8086d353a214e2b7e27d4d6c5739c4a4752d6594074f
3,469,exact,1.0,9e26ec810f23dd55c56695fbe2aa5f8effc34a0e3a87077a9b54ade8dd6141bc,9e26ec810f23dd55c56695fbe2aa5f8effc34a0e3a87077a9b54ade8dd6141bc
4,439,exact,1.0,b48a3012422c4e0c03c6aaa886e05223e43cac7f19251108e7e9fbc1810d89e7,b48a3012422c4e0c03c6aaa886e05223e43cac7f19251108e7e9fbc1810d89e7
5,401,exact,1.0,c23201fdc48f20a267e0fff3bf20d13eff1d60dc03a087e23d98c34dcea30ac9,c23201fdc48f20a267e0fff3bf20d13eff1d60dc03a087e23d98c34dcea30ac9
6,436,exact,1.0,60480fef68ff40c2377507038fd7a2a9aa7e0ac90895a72b74ccb15905145360,60480fef68ff40c2377507038fd7a2a9aa7e0ac90895a72b74ccb15905145360
7,82,exact,1.0,80ecda7e8c95e5513d27725ed48a1c39c3b8db1eb563bc57511e2d15a130beb1,80ecda7e8c95e5513d27725ed48a1c39c3b8db1eb563bc57511e2d15a130beb1
8,265,exact,1.0,826f3f7ac27adec214bbab9e687010d516d11de26ebef0d9653101cccb4b2ad8,826f3f7ac27adec214bbab9e687010d516d11de26ebef0d9653101cccb4b2ad8
9,354,exact,1.0,f0c48e51c8203f6096eb3e30176100b146b10f1536a86c97d45c3820c6531f0e,f0c48e51c8203f6096eb3e30176100b146b10f1536a86c97d45c3820c6531f0e
10,411,exact,1.0,e96540e9f6253c21ccb7669e2b887fb3bbc2579f430a1e8e6a97dbb8b504930e,e96540e9f6253c21ccb7669e2b887fb3bbc2579f430a1e8e6a97dbb8b504930e
11,250,exact,1.0,4aa3d98c15a40abd1fa5bf499b864260f53584123dbd1d521270048a0451c282,4aa3d98c15a40abd1fa5bf499b864260f53584123dbd1d521270048a0451c282
12,414,exact,1.0,bdf36d010d84dd869a51531d8b2141ca133484742aff712c1111654692b16183,bdf36d010d84dd869a51531d8b2141ca133484742aff712c1111654692b16183
13,371,exact,1.0,72362364b878beb1cff6f8d212caded89180f7061430fb781e8ee6d7bb2be6c3,72362364b878beb1cff6f8d212caded89180f7061430fb781e8ee6d7bb2be6c3
14,394,exact,1.0,24f7e5f71ea06625eff1f7f20593fdf39238c3b7badc10a6f5eac0553edac5aa,24f7e5f71ea06625eff1f7f20593fdf39238c3b7badc10a6f5eac0553edac5aa
15,500,exact,1.0,b73aa34e72f358ebc31c033c5e6cf82574a392625ccd00439f864e0e04006dc6,b73aa34e72f358ebc31c033c5e6cf82574a392625ccd00439f864e0e04006dc6
16,242,exact,1.0,95693a000f561cd0ba72bf9daee709b23e4a0a7c48680bffa5d1689e88f78111,95693a000f561cd0ba72bf9daee709b23e4a0a7c48680bffa5d1689e88f78111
17,457,exact,1.0,778145f2edceee469e03e6de9a97ae89a03302536fbf2b11ebc887baafdb05d1,778145f2edceee469e03e6de9a97ae89a03302536fbf2b11ebc887baafdb05d1
18,569,exact,1.0,f0d917984b8a410d22294ac2d24e54aed66f467590103c7a89db1dfc231ff3fe,f0d917984b8a410d22294ac2d24e54aed66f467590103c7a89db1dfc231ff3fe
19,239,exact,1.0,caed746afd7de89ce5230816def628f8bd05c06e676a1615493dee15221481cd,caed746afd7de89ce5230816def628f8bd05c06e676a1615493dee15221481cd
20,367,exact,1.0,cc4132f8e7794b03519fda77e11b3edf8a5367879710d93873f2a7fedb301045,cc4132f8e7794b03519fda77e11b3edf8a5367879710d93873f2a7fedb301045
21,557,exact,1.0,2a7150a17bbdbb584bc5de139754ad32798db48c8b6eb69638d483c3ede9ee83,2a7150a17bbdbb584bc5de139754ad32798db48c8b6eb69638d483c3ede9ee83
22,226,exact,1.0,e259e42abed6d955bf047799a33b2f1bf47f1b8558afdc4926e4cece7302c816,e259e42abed6d955bf047799a33b2f1bf47f1b8558afdc4926e4cece7302c816
23,49,exact,1.0,56cb44dc92788172f0db4ee9b85d3eb409912d43542c54a7da99edd9c224391e,56cb44dc92788172f0db4ee9b85d3eb409912d43542c54a7da99edd9c224391e
24,400,exact,1.0,73e66b3d0f95921ed6c48ccd886cc02cc3f35ba894dbe70484dc7aebd0d44e6d,73e66b3d0f95921ed6c48ccd886cc02cc3f35ba894dbe70484dc7aebd0d44e6d
25,274,exact,1.0,606b43846da06858e7a53551d33ce806b58b583cfe5ef5c55af01a766775a7f0,606b43846da06858e7a53551d33ce806b58b583cfe5ef5c55af01a766775a7f0
26,58,exact,1.0,e723910f7461f3b7deca28e390bc0772ff71843f921f3e9ae93796616f3444ac,e723910f7461f3b7deca28e390bc0772ff71843f921f3e9ae93796616f3444ac
27,547,exact,1.0,adece218e5884e3b5a4849ccb557aeab1a91ce9b73e48c2703009199d200f16b,adece218e5884e3b5a4849ccb557aeab1a91ce9b73e48c2703009199d200f16b
28,407,exact,1.0,7ece8b1898541fdabd2c408c625da074a4c79dc23dfc48ff85bcd46ad0d10931,7ece8b1898541fdabd2c408c625da074a4c79dc23dfc48ff85bcd46ad0d10931
29,495,exact,1.0,23b1de410eef07fb6e9f4e9ebbd7a1bdafda980336973532ce86235cc117238f,23b1de410eef07fb6e9f4e9ebbd7a1bdafda980336973532ce86235cc117238f
30,48,exact,1.0,d653805b76b517bfcbeb98cde01632d094e75c11f09cce37188c823f3656ccea,d653805b76b517bfcbeb98cde01632d094e75c11f09cce37188c823f3656ccea
31,441,exact,1.0,86bce20918e27bf103af5d3ec75475ddb4638926f228d95cf29a4f3aa93e495d,86bce20918e27bf103af5d3ec75475ddb4638926f228d95cf29a4f3aa93e495d
32,527,exact,1.0,07936b8fe4cdc25004056e6668b63d851d75b3a9ab0e14833ba01600ee78ec5a,07936b8fe4cdc25004056e6668b63d851d75b3a9ab0e14833ba01600ee78ec5a
33,102,exact,1.0,eba30151735cddd1c21a487c7b3a9cdec3ce4312c86807e92a4847d720615b07,eba30151735cddd1c21a487c7b3a9cdec3ce4312c86807e92a4847d720615b07
34,106,exact,1.0,22b221e94c2b5f98ed8d4a32b1ed553c054a812edb355f2885867c71ea717d8f,22b221e94c2b5f98ed8d4a32b1ed553c054a812edb355f2885867c71ea717d8f
35,73,exact,1.0,8582f5f17200beb3a5a194f7149febe37b3c31e4252416ed57eec09556678da1,8582f5f17200beb3a5a194f7149febe37b3c31e4252416ed57eec09556678da1
36,396,exact,1.0,f7ae88e7487d39e465f68a7deb201962a653186882f04e737fe62e7f44a21dd7,f7ae88e7487d39e465f68a7deb201962a653186882f04e737fe62e7f44a21dd7
37,292,exact,1.0,00f0dda8c3a5dcf99c964e1f81ae01a73e0bc1b457762054a4f0f698c22ee2b5,00f0dda8c3a5dcf99c964e1f81ae01a73e0bc1b457762054a4f0f698c22ee2b5
38,155,exact,1.0,a2d6616d553df32a5ea94d2f588b76e4e0d11f09e7e3803a57a8f6f2c5f08e70,a2d6616d553df32a5ea94d2f588b76e4e0d11f09e7e3803a57a8f6f2c5f08e70
39,329,exact,1.0,b79572cd0428f844e8e2eac78e10e7ed87d6b3b8561324fd5a8f3adeafccc16d,b79572cd0428f844e8e2eac78e10e7ed87d6b3b8561324fd5a8f3adeafccc16d
40,353,exact,1.0,3f3fcac988019546cbaa5faf0a44d40d55b83ac0d81f181b1fbacf0b2bcbb396,3f3fcac988019546cbaa5faf0a44d40d55b83ac0d81f181b1fbacf0b2bcbb396
41,509,exact,1.0,5b287d6ed9f83597ec90a11d651ed58b8b685709e41481123ee8fda3b2761d56,5b287d6ed9f83597ec90a11d651ed58b8b685709e41481123ee8fda3b2761d56
42,180,exact,1.0,fcd59409af9cc5a17d02e6be290c8fac73e4bc810b05cf0c9d2e77a63e3aa4f6,fcd59409af9cc5a17d02e6be290c8fac73e4bc810b05cf0c9d2e77a63e3aa4f6
43,220,exact,1.0,a6e0ed6667cc6de2a510af7f887531e9769152d99fcae52c618a765729d6e85c,a6e0ed6667cc6de2a510af7f887531e9769152d99fcae52c618a765729d6e85c
44,79,exact,1.0,2674d2113ed9ea9199a166f1a8f14f8559b761b235d0f111984833c0f5cc0486,2674d2113ed9ea9199a166f1a8f14f8559b761b235d0f111984833c0f5cc0486
45,512,exact,1.0,ca172e0692a562732b88fb6aa7b2e52b7071ebce5011a8dbcb6cb5b4e04a25b4,ca172e0692a562732b88fb6aa7b2e52b7071ebce5011a8dbcb6cb5b4e04a25b4
46,570,exact,1.0,1364f23b03d0faf7a6e138d88d845c2400e840d80fbe37781a353f565994617a,1364f23b03d0faf7a6e138d88d845c2400e840d80fbe37781a353f565994617a
47,127,exact,1.0,1de152866e1e51418f791b52db8e025ed5c26160c9cb3d44eda1792e99419f2b,1de152866e1e51418f791b52db8e025ed5c26160c9cb3d44eda1792e99419f2b
48,342,exact,1.0,13f7a302c510820005e281ad62f6035a73d5eb0216ac5aa1ed2a67feb6f5a24f,13f7a302c510820005e281ad62f6035a73d5eb0216ac5aa1ed2a67feb6f5a24f
49,361,exact,1.0,99557c4088dd233cb701aa95baf71d2cb34d237f97d5839115b2f1d5ad332459,99557c4088dd233cb701aa95baf71d2cb34d237f97d5839115b2f1d5ad332459
50,215,exact,1.0,bd654badf9eb365705d89dd97a022a1566bb60dfd0b29d7663047d1e092b476e,bd654badf9eb365705d89dd97a022a1566bb60dfd0b29d7663047d1e092b476e
51,529,exact,1.0,e1efb3af0fc64ae6a45016c4a50e91e45740aac60cbc22cb1b2cd650bba1d98e,e1efb3af0fc64ae6a45016c4a50e91e45740aac60cbc22cb1b2cd650bba1d98e
52,417,exact,1.0,338cef55b4cdaf5cca7f2d37d748ecad92037d8f0c91a46682adffa479636495,338cef55b4cdaf5cca7f2d37d748ecad92037d8f0c91a46682adffa479636495
53,537,exact,1.0,46ca436a8ae3539d08b77439a7103070707f19d8c79c9a36f4d4fe2e38c6886c,46ca436a8ae3539d08b77439a7103070707f19d8c79c9a36f4d4fe2e38c6886c
54,408,exact,1.0,d5d2d8ba9712db3c0add6cc22115cf952de9d0b0027e684655d129074dd51617,d5d2d8ba9712db3c0add6cc22115cf952de9d0b0027e684655d129074dd51617
55,326,exact,1.0,e809a0d34340c5cebd0f07e318049489adc941584692f2c6da674247ff9bb9e3,e809a0d34340c5cebd0f07e318049489adc941584692f2c6da674247ff9bb9e3
56,567,exact,1.0,1f823ddf98680f414abe5af6c491b47c92838c939834a5ce6c7fbc17c7578508,1f823ddf98680f414abe5af6c491b47c92838c939834a5ce6c7fbc17c7578508
57,42,exact,1.0,a5e1d28765bb05c99f5a41c237d2aa989501ff75f85f659c1641fea4c1338c26,a5e1d28765bb05c99f5a41c237d2aa989501ff75f85f659c1641fea4c1338c26
58,344,exact,1.0,f437ec890278c5294f2464216eccdd50c7935c6b8af61226eca468bc2c5f5841,f437ec890278c5294f2464216eccdd50c7935c6b8af61226eca468bc2c5f5841
59,571,exact,1.0,495d81f121d60155077714632b0072002e62380975c5940ddf6a2a27cb0b2dfd,495d81f121d60155077714632b0072002e62380975c5940ddf6a2a27cb0b2dfd
60,16,exact,1.0,97779768f9c997d034907e1172102e4b95e3a9a54b1d318f1ae8727a732213e6,97779768f9c997d034907e1172102e4b95e3a9a54b1d318f1ae8727a732213e6
61,485,exact,1.0,5330338352512f36a4d2b18746d241fd3001fde48de031f95c50e70a0416f95b,5330338352512f36a4d2b18746d241fd3001fde48de031f95c50e70a0416f95b
62,3,exact,1.0,6fca7c3874bd3c4bcb70482eeeb98cf13566c6558ee81030b50a1acc415ab173,6fca7c3874bd3c4bcb70482eeeb98cf13566c6558ee81030b50a1acc415ab173
63,160,exact,1.0,eb6cc1a8c9dcb87da5d4fb8bf3df748c2505e186f9afb66fcb2138b78f136e19,eb6cc1a8c9dcb87da5d4fb8bf3df748c2505e186f9afb66fcb2138b78f136e19
64,552,exact,1.0,4d65dee3d044bd4f2c934e6b275d9bdfb02868fe2ee3304693a6504fd98e6001,4d65dee3d044bd4f2c934e6b275d9bdfb02868fe2ee3304693a6504fd98e6001
65,178,exact,1.0,d89a1af7d8b3de4418dd78035e0c48c6a890bac1abb118a01ede4c7d934ee07c,d89a1af7d8b3de4418dd78035e0c48c6a890bac1abb118a01ede4c7d934ee07c
66,542,exact,1.0,7ae495152c1a8887e09816664d76db350d1806660005c66ac4cd512f22aa240d,7ae495152c1a8887e09816664d76db350d1806660005c66ac4cd512f22aa240d
67,302,exact,1.0,67caf6a1078e5936f4f2084641d6abd281c60057805a62028002893bb42cc0aa,67caf6a1078e5936f4f2084641d6abd281c60057805a62028002893bb42cc0aa
68,331,exact,1.0,47ba63a00fa324a1b40c74b73b951544ec20dc855fe51dfe85f884342d9965b6,47ba63a00fa324a1b40c74b73b951544ec20dc855fe51dfe85f884342d9965b6
69,9,exact,1.0,01ca20ff523f07e1e131d06c21853fef6f7564dd82c15336fa7dacc46e309e42,01ca20ff523f07e1e131d06c21853fef6f7564dd82c15336fa7dacc46e309e42
70,556,exact,1.0,720b106cc141fdc108fc63298ae4bcdcdaed99df641c8bf71322ba85daa879f3,720b106cc141fdc108fc63298ae4bcdcdaed99df641c8bf71322ba85daa879f3
71,362,exact,1.0,3c9826f375ab4c7ab6734e363e44df7638d60de656c5f73845d5d25b7cdce92a,3c9826f375ab4c7ab6734e363e44df7638d60de656c5f73845d5d25b7cdce92a
72,72,exact,1.0,617247aad9d377463d3639a5e26ab42cc72c79710f2f146b544023b3694decd5,617247aad9d377463d3639a5e26ab42cc72c79710f2f146b544023b3694decd5
73,11,exact,1.0,765066e8f366183a42703cba4119192cab85e0ec8e7af971df132cd231810d70,765066e8f366183a42703cba4119192cab85e0ec8e7af971df132cd231810d70
74,59,exact,1.0,8ca446beaee6e03398ed29f2794196f65e68fd4ecb95ccdfa64ec312b9092340,8ca446beaee6e03398ed29f2794196f65e68fd4ecb95ccdfa64ec312b9092340
75,334,exact,1.0,9a2de40aa6cce81fc73e73587e58601f6e5d14f84eb28e6afcfcdc2ec4a048da,9a2de40aa6cce81fc73e73587e58601f6e5d14f84eb28e6afcfcdc2ec4a048da
76,30,exact,1.0,30c4edec468685e662e3adb2bf8c9e1ed9026aba302b2f7710c56c4de61d36eb,30c4edec468685e662e3adb2bf8c9e1ed9026aba302b2f7710c56c4de61d36eb
77,336,exact,1.0,94aeada53c46de95534f83d7372000950089be55c4b5d9521a135c6215bbfb1c,94aeada53c46de95534f83d7372000950089be55c4b5d9521a135c6215bbfb1c
78,464,exact,1.0,df248a2a50add6e0848010c2752f3e13d0bf39a30da7a71fc8a9b686ae0c9150,df248a2a50add6e0848010c2752f3e13d0bf39a30da7a71fc8a9b686ae0c9150
79,369,exact,1.0,aa4b168d6d1dc9b8cc5ab9de61a4b1fbcbfc1b7c5ca4374362e3dc8fc0661faa,aa4b168d6d1dc9b8cc5ab9de61a4b1fbcbfc1b7c5ca4374362e3dc8fc0661faa
80,382,exact,1.0,c09a3a50945b8d2571490dbd5c7dac1b6b13db00963884cf2930eca49efd9b2c,c09a3a50945b8d2571490dbd5c7dac1b6b13db00963884cf2930eca49efd9b2c
81,582,exact,1.0,6a516de240ae2584ce9b70c2066c0aa5aa14a5319837c96a2ee611091cfa660e,6a516de240ae2584ce9b70c2066c0aa5aa14a5319837c96a2ee611091cfa660e
82,142,exact,1.0,e6a54be225ca16e7da31cdc7245c8ed66613d420907c65494df4d557890fe031,e6a54be225ca16e7da31cdc7245c8ed66613d420907c65494df4d557890fe031
83,322,exact,1.0,ddaf68ed8a75f965bedc496715fc3e30258aa9af18535b6f8776d83bfdba9e3f,ddaf68ed8a75f965bedc496715fc3e30258aa9af18535b6f8776d83bfdba9e3f
84,249,exact,1.0,f96e7eb2aacacec26335c4c70a34b52fa429a9be8a50a01915e966851cb59ca9,f96e7eb2aacacec26335c4c70a34b52fa429a9be8a50a01915e966851cb59ca9
85,241,exact,1.0,4c8010b50fbc9bae6b4a0303ab6235952bfc449567ed9ca844e3b45553647c60,4c8010b50fbc9bae6b4a0303ab6235952bfc449567ed9ca844e3b45553647c60
86,521,exact,1.0,6e6cf75f700385dc33c94be721295f74214cabb91ea70e6d2e6e42e213e35905,6e6cf75f700385dc33c94be721295f74214cabb91ea70e6d2e6e42e213e35905
87,237,exact,1.0,00247e38b44e2fbe9ed735991e0dfc84f851694420885810b892a928a252b890,00247e38b44e2fbe9ed735991e0dfc84f851694420885810b892a928a252b890
88,63,exact,1.0,29639c4baaf37f1f613920e5c71a506295be3e45e7231e7462e82aa53984858c,29639c4baaf37f1f613920e5c71a506295be3e45e7231e7462e82aa53984858c
89,599,exact,1.0,73f11d5cc4f0acdba7f5131eb6b69bd90ca9103bdafa09e91b77d54c452f361e,73f11d5cc4f0acdba7f5131eb6b69bd90ca9103bdafa09e91b77d54c452f361e
90,584,exact,1.0,8c9db9323d2c1098b4c5385e7f7297529d53cc3acaef30e42aaf0f377fffc804,8c9db9323d2c1098b4c5385e7f7297529d53cc3acaef30e42aaf0f377fffc804
91,205,exact,1.0,6edb6c76c3d3d7ad4c249e5f2beb6ce979ff6c44bf1085015b23fba6357aba96,6edb6c76c3d3d7ad4c249e5f2beb6ce979ff6c44bf1085015b23fba6357aba96
92,139,exact,1.0,84948bf02d18ec53ecc4cf260df72444a5902a5999ef9e5b249d7477144b4dd2,84948bf02d18ec53ecc4cf260df72444a5902a5999ef9e5b249d7477144b4dd2
93,304,exact,1.0,ccd70b323bc9bc0501a680d468439bfcbb1395fd8100cb4a47ab9baf3cc4fc91,ccd70b323bc9bc0501a680d468439bfcbb1395fd8100cb4a47ab9baf3cc4fc91
94,54,exact,1.0,0fbcf3491addbed2862f7d06ef2a5797a073ed3519bab3ab34036ec0575a4f77,0fbcf3491addbed2862f7d06ef2a5797a073ed3519bab3ab34036ec0575a4f77
95,152,exact,1.0,fa4280ed646b4ffcd0e97852703a454a358f160ed46323e06695c497af44fb3f,fa4280ed646b4ffcd0e97852703a454a358f160ed46323e06695c497af44fb3f
96,114,exact,1.0,0f0601a525c30893cf239675553652851fc370dbbb024eb0568142b70a4cef9b,0f0601a525c30893cf239675553652851fc370dbbb024eb0568142b70a4cef9b
97,98,exact,1.0,ef52cc9638606bae14d99681906c96f34e014eb544a7786b073085f9ac906db8,ef52cc9638606bae14d99681906c96f34e014eb544a7786b073085f9ac906db8
98,18,exact,1.0,7ba6a9fc0db5fcfca4168e0f06603ffe2d2fb576f3b71fc7573c2df40e5a9bc0,7ba6a9fc0db5fcfca4168e0f06603ffe2d2fb576f3b71fc7573c2df40e5a9bc0
99,140,exact,1.0,28d7987c46db545afe433486d57800e91c03d4552a78dbac8a926a0c980e7591,28d7987c46db545afe433486d57800e91c03d4552a78dbac8a926a0c980e7591
100,253,exact,1.0,55cb769d0da5069275592ad7d5259607d233b7dea0d7a4b306136376a263974f,55cb769d0da5069275592ad7d5259607d233b7dea0d7a4b306136376a263974f
101,589,exact,1.0,9e3e2bd017e71a350af1444c236f24df6b52fc41591f62ad2f51968c0ccbf25a,9e3e2bd017e71a350af1444c236f24df6b52fc41591f62ad2f51968c0ccbf25a
102,429,exact,1.0,881a85a9b71ecd15d60e66188f65972373c3562ffa7b16bae8ac13ebffa09fd2,881a85a9b71ecd15d60e66188f65972373c3562ffa7b16bae8ac13ebffa09fd2
103,81,exact,1.0,99af1209884724a901f84c2a91f062e1f071e272a0ca1c7730e22d80e2aea563,99af1209884724a901f84c2a91f062e1f071e272a0ca1c7730e22d80e2aea563
104,193,exact,1.0,b0bdc47b57230e6fc0ff56634d50b49e3fa4b135068e6d302735cea4dfa376d8,b0bdc47b57230e6fc0ff56634d50b49e3fa4b135068e6d302735cea4dfa376d8
105,27,exact,1.0,f21a6ae70cd5738fa3d494eafb58dabc56c45c4c03161e5539033278790be897,f21a6ae70cd5738fa3d494eafb58dabc56c45c4c03161e5539033278790be897
106,578,exact,1.0,679c01ab175ae6be64ba6c84759595d956f10dc4f851cda7441f1dc7e4610a6a,679c01ab175ae6be64ba6c84759595d956f10dc4f851cda7441f1dc7e4610a6a
107,231,exact,1.0,126cc1eaf6a07af46f5e703fe9ef23f51d3e0921acd5ac9458f8137a4e78c775,126cc1eaf6a07af46f5e703fe9ef23f51d3e0921acd5ac9458f8137a4e78c775
108,597,exact,1.0,32c0227f498b36d3b2a643d5d7b2061d9bf820adf39865925a9ec1a865127148,32c0227f498b36d3b2a643d5d7b2061d9bf820adf39865925a9ec1a865127148
109,430,exact,1.0,7ca476cb08e0ecbf9546ad35e706a01ee9184ff59fe68118d7415d6dd59a0aba,7ca476cb08e0ecbf9546ad35e706a01ee9184ff59fe68118d7415d6dd59a0aba
110,321,exact,1.0,02979d2b234bb735646435e1a16e8fb2b6db6d7e6de3735a0da769ab0be06c19,02979d2b234bb735646435e1a16e8fb2b6db6d7e6de3735a0da769ab0be06c19
111,262,exact,1.0,7ae0965bdcf4831c444690ea250f44bc0e3fb5a327f842a3a29fe8f0cb3d38de,7ae0965bdcf4831c444690ea250f44bc0e3fb5a327f842a3a29fe8f0cb3d38de
112,225,exact,1.0,0bd46491dce545c74a6ec1aaf701116fd216380ea90a0bb7ce07081b69394c88,0bd46491dce545c74a6ec1aaf701116fd216380ea90a0bb7ce07081b69394c88
113,472,exact,1.0,2dc581fcb56ff83949ad80116095891e0797ed419b5d998b313609a6e6bae67a,2dc581fcb56ff83949ad80116095891e0797ed419b5d998b313609a6e6bae67a
114,145,exact,1.0,72fc16bc18220c37f2666d3c947192e5c5c3d50c1e2604cc6ec269f905598452,72fc16bc18220c37f2666d3c947192e5c5c3d50c1e2604cc6ec269f905598452
115,388,exact,1.0,32e96dafc8208e531a72f7656d11a637d363702f7f6af6dab7b473065167e119,32e96dafc8208e531a72f7656d11a637d363702f7f6af6dab7b473065167e119
116,343,exact,1.0,3cf1bf46a5680fa120a1932cac2484ec8350c740308408c09721faf124bd50fc,3cf1bf46a5680fa120a1932cac2484ec8350c740308408c09721faf124bd50fc
117,443,exact,1.0,592bd58bf6f70a2f18e6d8ea95e2509f726a9c371f1e617c08e8af0a9935dde6,592bd58bf6f70a2f18e6d8ea95e2509f726a9c371f1e617c08e8af0a9935dde6
118,37,exact,1.0,c73f0fefce99e9c6b246b124c52e14804fbb220cb370d058a27e65f9157dc1cb,c73f0fefce99e9c6b246b124c52e14804fbb220cb370d058a27e65f9157dc1cb
119,28,exact,1.0,42e8b96d403dd6f6fc2f4859a1090f83ba02bd1ebcdbb08746d9c6136386f057,42e8b96d403dd6f6fc2f4859a1090f83ba02bd1ebcdbb08746d9c6136386f057
120,305,exact,1.0,5b96b7897cd58c6819602cf8a14bd24cf42687864a48d5c94bf70439435e387c,5b96b7897cd58c6819602cf8a14bd24cf42687864a48d5c94bf70439435e387c
121,375,exact,1.0,78812f4903171884cf3c231829fc012329d84d94105948d24e34e9e4a59999d1,78812f4903171884cf3c231829fc012329d84d94105948d24e34e9e4a59999d1
122,252,exact,1.0,bb299f4d4dfc78b75426211b32e74dd3d53a1542edae2d8a01a825cbc79cc55e,bb299f4d4dfc78b75426211b32e74dd3d53a1542edae2d8a01a825cbc79cc55e
123,356,exact,1.0,303102ee7dd803bc1516aa35b4fbc0399a3c2ac40f1dfe2c6158aeef35bb583c,303102ee7dd803bc1516aa35b4fbc0399a3c2ac40f1dfe2c6158aeef35bb583c
124,384,exact,1.0,e47cb0bd4b06a71eb3072014f5a8037b1be3e434b0c6335df0914fda9b974f50,e47cb0bd4b06a71eb3072014f5a8037b1be3e434b0c6335df0914fda9b974f50
125,55,exact,1.0,9a018c3eb55f59e54868ccb0524e733ff2aa38b727263f9a13c3acbf45c3507f,9a018c3eb55f59e54868ccb0524e733ff2aa38b727263f9a13c3acbf45c3507f
126,526,exact,1.0,47ce981759efd92abf88928869cd51b8e407a531ab75a26022f084123e4857d7,47ce981759efd92abf88928869cd51b8e407a531ab75a26022f084123e4857d7
127,391,exact,1.0,620a803be5379ead59b2a0d408530c20ad430b4423e2119957c2a024a8e9264e,620a803be5379ead59b2a0d408530c20ad430b4423e2119957c2a024a8e9264e
128,432,exact,1.0,6346e996c248ddc6d5391fc930b841931d3290554e0eb4713c46bb86474b4f7d,6346e996c248ddc6d5391fc930b841931d3290554e0eb4713c46bb86474b4f7d
129,489,exact,1.0,03b5a888f75701039ed1d87a1036009137c813cf3981fbd3c62e5c935b7dc5cf,03b5a888f75701039ed1d87a1036009137c813cf3981fbd3c62e5c935b7dc5cf
130,566,exact,1.0,21c3a24e140d9d84cc852804e2985fce1747d0306d6e4d16fe6ed9d00cbbfa33,21c3a24e140d9d84cc852804e2985fce1747d0306d6e4d16fe6ed9d00cbbfa33
131,251,exact,1.0,bc0dde60598cc4e2cf5b18ccf084edc67f5a1012b2e78ff08f6a60fc03ff6c32,bc0dde60598cc4e2cf5b18ccf084edc67f5a1012b2e78ff08f6a60fc03ff6c32
132,269,exact,1.0,9543f1e7a5c25304524e21627b8b2eeeadfa8cf08cccc9a4ce8e1d1e0baf4481,9543f1e7a5c25304524e21627b8b2eeeadfa8cf08cccc9a4ce8e1d1e0baf4481
133,128,exact,1.0,357f8a4202b359e782e50db54a7380429a329edf107accc2811e40baae2b2674,357f8a4202b359e782e50db54a7380429a329edf107accc2811e40baae2b2674
134,51,exact,1.0,d77208eaada44dc6fc001fd424306b2d1e7eb42d9cd7552b4891041c66ac3af7,d77208eaada44dc6fc001fd424306b2d1e7eb42d9cd7552b4891041c66ac3af7
135,77,exact,1.0,b7b498e61d8d116e28591f5008add7e8d9af1031128dd8df0e57caa06b937957,b7b498e61d8d116e28591f5008add7e8d9af1031128dd8df0e57caa06b937957
136,257,exact,1.0,9b8fdde453f97b48dc0b351048a9d45024c0ea4b1f49fed9f966e37a8012726d,9b8fdde453f97b48dc0b351048a9d45024c0ea4b1f49fed9f966e37a8012726d
137,576,exact,1.0,fb687775f598c1ce2a0833524e2c3fb9ea4b4b5ec29a5d5ceded9aa9db56e223,fb687775f598c1ce2a0833524e2c3fb9ea4b4b5ec29a5d5ceded9aa9db56e223
138,575,exact,1.0,138ff8b3563ab6b890624ce489ff5d3d4cd16e434c7199f90bc23ba582fae92d,138ff8b3563ab6b890624ce489ff5d3d4cd16e434c7199f90bc23ba582fae92d
139,255,exact,1.0,94f45ee047cf3549ecd0f0beea81fdac0050996e9c052bfd8b6eec9a7380b977,94f45ee047cf3549ecd0f0beea81fdac0050996e9c052bfd8b6eec9a7380b977
140,420,exact,1.0,13129d850b06d68b51ed3df478cf42a55e470afe821efff1a9f92bc5db2637a8,13129d850b06d68b51ed3df478cf42a55e470afe821efff1a9f92bc5db2637a8
141,244,exact,1.0,c3e3db3eaac257167e51a2f0832ea77b51bef6e76b08f0e789a4094d618f400f,c3e3db3eaac257167e51a2f0832ea77b51bef6e76b08f0e789a4094d618f400f
142,314,exact,1.0,fe7353704a45c0ed399f550908ff4d6c641178938c9d3a5f38c73abbfe6e94bc,fe7353704a45c0ed399f550908ff4d6c641178938c9d3a5f38c73abbfe6e94bc
143,308,exact,1.0,3d9e75f2010621f1823256b6ae4ba2d7322c08106a9480a3ed8328a9b2935944,3d9e75f2010621f1823256b6ae4ba2d7322c08106a9480a3ed8328a9b2935944
144,207,exact,1.0,6dcdef3532a14e1ea491e52e05770334977993923d52b799fce8ae23d588491e,6dcdef3532a14e1ea491e52e05770334977993923d52b799fce8ae23d588491e
145,96,exact,1.0,ec2f2d5c645583d00cfe33bf03336845c94a7a4564becb128f4ec65cecf8ebe3,ec2f2d5c645583d00cfe33bf03336845c94a7a4564becb128f4ec65cecf8ebe3
146,56,exact,1.0,0e0354923c030c71db9c4e4b295140a4cc363b7cf199565b04d191696109c620,0e0354923c030c71db9c4e4b295140a4cc363b7cf199565b04d191696109c620
147,5,exact,1.0,af107c0fbe9c39e5c50e07aaa3b2184933ed0d3b49de58113ab046890e5fcc7e,af107c0fbe9c39e5c50e07aaa3b2184933ed0d3b49de58113ab046890e5fcc7e
148,300,exact,1.0,2719b6ceb057da9711441b0c3165e1f7e5c296c9ed6dbd24a2449e422a7520a0,2719b6ceb057da9711441b0c3165e1f7e5c296c9ed6dbd24a2449e422a7520a0
149,157,exact,1.0,22adb4034a6aad0d17800ad389dc6f9d839f58c222bd313d25f78ff33249ff7b,22adb4034a6aad0d17800ad389dc6f9d839f58c222bd313d25f78ff33249ff7b
150,95,exact,1.0,57aafc9ac10c8e404a26f84f1c221a93530e2ede289e8d887ec11113147f9649,57aafc9ac10c8e404a26f84f1c221a93530e2ede289e8d887ec11113147f9649
151,309,exact,1.0,95312965293283dcf851e48894bb087b64f0f8e01c54b09f5a32fdef37bed2e9,95312965293283dcf851e48894bb087b64f0f8e01c54b09f5a32fdef37bed2e9
152,596,exact,1.0,00e9aa8290e0daaa5dfdb63c9e63ac74cd104dbc2ee2d4ec302ddbd6b7ff2662,00e9aa8290e0daaa5dfdb63c9e63ac74cd104dbc2ee2d4ec302ddbd6b7ff2662
153,487,exact,1.0,04fdcce2dbd1418e2e96c2aaebba05f99e39785c50412ec77f3023af712b1b05,04fdcce2dbd1418e2e96c2aaebba05f99e39785c50412ec77f3023af712b1b05
154,346,exact,1.0,c2cbc05a68024756f4bb9cc75418d0c6b3e74861c1a27244c83be482e9187644,c2cbc05a68024756f4bb9cc75418d0c6b3e74861c1a27244c83be482e9187644
155,508,exact,1.0,edf4add45f9da3192867185462a911724094ba86c5f6467f2cf4006c4b267f18,edf4add45f9da3192867185462a911724094ba86c5f6467f2cf4006c4b267f18
156,202,exact,1.0,307ddde88eb8d4e9b7528b0117a6f6668bb36e15b6ccf9c8f3d933172b5ae1e5,307ddde88eb8d4e9b7528b0117a6f6668bb36e15b6ccf9c8f3d933172b5ae1e5
157,210,exact,1.0,06c7c9c11de7590a1bed9e84ee1a10a3c9ac8e6dae49e0c94faefe2de5ec4f38,06c7c9c11de7590a1bed9e84ee1a10a3c9ac8e6dae49e0c94faefe2de5ec4f38
158,593,exact,1.0,2db1cfbf79c5b120b1dd36b0fcb0c7e404bf0fa5d4bb64049262aaeec3c226e0,2db1cfbf79c5b120b1dd36b0fcb0c7e404bf0fa5d4bb64049262aaeec3c226e0
159,277,exact,1.0,3cf2f66e4bca8d021ad8401070b295d82878b10a9c2d4babdf4ff6dc4ede0563,3cf2f66e4bca8d021ad8401070b295d82878b10a9c2d4babdf4ff6dc4ede0563
160,459,exact,1.0,4f8916d9fdbfa7f648a3df9d3c02afa2c5bdaae74dc3fba2c529a63a6f3df9b8,4f8916d9fdbfa7f648a3df9d3c02afa2c5bdaae74dc3fba2c529a63a6f3df9b8
161,563,exact,1.0,a72b34184577da2461957ffecc52b8b319d9902af87e83cccf588d7a37b24253,a72b34184577da2461957ffecc52b8b319d9902af87e83cccf588d7a37b24253
162,85,exact,1.0,5163560d130f464fdaf38f2cb29864dbdbcde85ef039bdef31b532fafc669e11,5163560d130f464fdaf38f2cb29864dbdbcde85ef039bdef31b532fafc669e11
163,433,exact,1.0,2ed746c666f3346111228a538378927d1e631947936823a96170bee9867463aa,2ed746c666f3346111228a538378927d1e631947936823a96170bee9867463aa
164,31,exact,1.0,acf72172a94c0d8ac3ccb0c88b1bf78b45f95bd9ea752dcd24504c5d7677c5fe,acf72172a94c0d8ac3ccb0c88b1bf78b45f95bd9ea752dcd24504c5d7677c5fe
165,585,exact,1.0,18c5be42c5c2ecac5c00edf47549cf8a22e3925a330da17f7dedbb1e4d1f4286,18c5be42c5c2ecac5c00edf47549cf8a22e3925a330da17f7dedbb1e4d1f4286
166,227,exact,1.0,b74d5cb37545ae55cafadb3a3ae7a2fd56921511c007aa89e643dac13bf9e0f2,b74d5cb37545ae55cafadb3a3ae7a2fd56921511c007aa89e643dac13bf9e0f2
167,427,exact,1.0,9f5a641f5c935d27931d529cddc3961b43274ad7b707aa77a82a2c3f43fdef54,9f5a641f5c935d27931d529cddc3961b43274ad7b707aa77a82a2c3f43fdef54
168,294,exact,1.0,d0f4b0f62538b2ab3a54b0a04896afdcc6fbf6bfba75030e047666b067fc1a7f,d0f4b0f62538b2ab3a54b0a04896afdcc6fbf6bfba75030e047666b067fc1a7f
169,421,exact,1.0,a6a00917f4b6d7fc234bcb9bc8438b9c431404d6811e935f877fae8366fbf4a8,a6a00917f4b6d7fc234bcb9bc8438b9c431404d6811e935f877fae8366fbf4a8
170,261,exact,1.0,e62c8331c1c8b69778bf9aeef56bba301a05c13ee3050001bdd1de3ce4263fe6,e62c8331c1c8b69778bf9aeef56bba301a05c13ee3050001bdd1de3ce4263fe6
171,494,exact,1.0,69e1df371ed7a029973e924b61159d8ed954cdba5c20e0a02c6eb5da31ec1210,69e1df371ed7a029973e924b61159d8ed954cdba5c20e0a02c6eb5da31ec1210
172,19,exact,1.0,76967798ab3794895266d676fa11b2fb59ffc8dddc3d8b5e6d92652ea9eb75cc,76967798ab3794895266d676fa11b2fb59ffc8dddc3d8b5e6d92652ea9eb75cc
173,530,exact,1.0,ee16506bb37fe4d55035326d0f971a161bde202f777ccc7aeccf1de90ef8771d,ee16506bb37fe4d55035326d0f971a161bde202f777ccc7aeccf1de90ef8771d
174,538,exact,1.0,76e3ba2bc82416fce225b3c5e17c478406f1af393466ca04490125ad8489cc13,76e3ba2bc82416fce225b3c5e17c478406f1af393466ca04490125ad8489cc13
175,393,exact,1.0,024c842aabdbdb10e96cc4df6aaf70aa4dcc2277c6a385186333accfcf777cbe,024c842aabdbdb10e96cc4df6aaf70aa4dcc2277c6a385186333accfcf777cbe
176,131,exact,1.0,5c0c95a0fe84ef0a37beb0dd00b1d6e0a7049e00b67de164469679c6de49a118,5c0c95a0fe84ef0a37beb0dd00b1d6e0a7049e00b67de164469679c6de49a118
177,306,exact,1.0,08a4d2a2dcbe7691e55aa788c071864141bca1d615462b2974fb5d66b1fc857d,08a4d2a2dcbe7691e55aa788c071864141bca1d615462b2974fb5d66b1fc857d
178,256,exact,1.0,39abd3dcba17851522ca9076ffd6364319d87e85d357d3cf1232f0b48ae4928f,39abd3dcba17851522ca9076ffd6364319d87e85d357d3cf1232f0b48ae4928f
179,245,exact,1.0,916d41884cf01f5891d4c1a7d43b2df9d3c33a0e68c29e2671f2533ef00db7fd,916d41884cf01f5891d4c1a7d43b2df9d3c33a0e68c29e2671f2533ef00db7fd
180,138,exact,1.0,89991d3b899da530d523d947dca4789cc962e14ab9cb464a6c07652f50127a42,89991d3b899da530d523d947dca4789cc962e14ab9cb464a6c07652f50127a42
181,84,exact,1.0,f7ff9cce38d5e4c833456d243f135d4147383a464291bf8cf455da92e59212c7,f7ff9cce38d5e4c833456d243f135d4147383a464291bf8cf455da92e59212c7
182,507,exact,1.0,a5dc3c578a6053d0c2a91157d1cb0982495ddc8d91029c2070b597994d868181,a5dc3c578a6053d0c2a91157d1cb0982495ddc8d91029c2070b597994d868181
183,10,exact,1.0,f5aa0ac96526c4afd76c3601eef9c005267f2b9a460ab4c3cc41872768ebda94,f5aa0ac96526c4afd76c3601eef9c005267f2b9a460ab4c3cc41872768ebda94
184,124,exact,1.0,6390246ec979c864d06af872bda735124f0cd601a8341523bdf05e4bd0208fca,6390246ec979c864d06af872bda735124f0cd601a8341523bdf05e4bd0208fca
185,97,exact,1.0,a8c65b62c35f8d3e729038f53d66338c5e1cae55b354a736fe21533411516284,a8c65b62c35f8d3e729038f53d66338c5e1cae55b354a736fe21533411516284
186,551,exact,1.0,460168c1dcce3c83de2a09cf8b39201a9347fe87b803ae4f539f4f459fb32879,460168c1dcce3c83de2a09cf8b39201a9347fe87b803ae4f539f4f459fb32879
187,188,exact,1.0,872b21eafc807449a00153fd9c6ccd5ada1befbb4ee7c71ed8201798ed826433,872b21eafc807449a00153fd9c6ccd5ada1befbb4ee7c71ed8201798ed826433
188,440,exact,1.0,87e6f786799ace35849837eac5056164e47073f30988fff6f1102f9769be2588,87e6f786799ace35849837eac5056164e47073f30988fff6f1102f9769be2588
189,366,exact,1.0,ae8fbdc536add91c2521cbb147d86eb399bf84d4ba7933f36ea6a39ef04a8192,ae8fbdc536add91c2521cbb147d86eb399bf84d4ba7933f36ea6a39ef04a8192
190,290,exact,1.0,64a61ad8148c6b7b0fcb824e4431c1d38b42ed69002e23f875f498f4dcac69b9,64a61ad8148c6b7b0fcb824e4431c1d38b42ed69002e23f875f498f4dcac69b9
191,297,exact,1.0,f95dd4cc41510dfe0b2608a398b5e7661478b3a327baddbae2ea8094770286c4,f95dd4cc41510dfe0b2608a398b5e7661478b3a327baddbae2ea8094770286c4
192,402,exact,1.0,d25986292f1c28907502c3c7222090e7c80301027e0e401d4c877d5149935bf7,d25986292f1c28907502c3c7222090e7c80301027e0e401d4c877d5149935bf7
193,174,exact,1.0,a728de961f6479b4c7974d393b4e678c9e6dbf816f32c3560cfbb33e86ce4c8b,a728de961f6479b4c7974d393b4e678c9e6dbf816f32c3560cfbb33e86ce4c8b
194,25,exact,1.0,31c2ca5510959de812bf28908bfa4ee7468764e92eb488c7a750327b5ceea713,31c2ca5510959de812bf28908bfa4ee7468764e92eb488c7a750327b5ceea713
195,234,exact,1.0,a680ccae0eaddc8c7d461b3b7acaa2cf24a92c8140d9bb4818323f07968010f4,a680ccae0eaddc8c7d461b3b7acaa2cf24a92c8140d9bb4818323f07968010f4
196,135,exact,1.0,eb0c2e7b20f165f38e7f6017bcc3d352260bbe942c52bd532b05bb225d3fe1ef,eb0c2e7b20f165f38e7f6017bcc3d352260bbe942c52bd532b05bb225d3fe1ef
197,437,exact,1.0,a20b76cd8814560307439e8628cd29a23434954819b1d83a58849e349b2e983c,a20b76cd8814560307439e8628cd29a23434954819b1d83a58849e349b2e983c
198,579,exact,1.0,25919d2ffdb78847286497bff5658d1b894d447e79429bcd0ea473abf37af9e5,25919d2ffdb78847286497bff5658d1b894d447e79429bcd0ea473abf37af9e5
199,88,exact,1.0,138fd6cb3d1a0154c8e80d720c4d553ce5642ff0575aebf1bbbeff6afed6e563,138fd6cb3d1a0154c8e80d720c4d553ce5642ff0575aebf1bbbeff6afed6e563
200,0,exact,1.0,48c12337d6f211e92efa70dd94d362dcaff53ad7638cc84b6f45aa653a7ba168,48c12337d6f211e92efa70dd94d362dcaff53ad7638cc84b6f45aa653a7ba168
201,442,exact,1.0,e28ed1a17097b5ecf75c209030892ca49ac26ca49cc5685228b6bee0c46fb080,e28ed1a17097b5ecf75c209030892ca49ac26ca49cc5685228b6bee0c46fb080
202,221,exact,1.0,769cd5e2cb050ab212a97082c4a256ef43dc64b714a0c26701a78198cee16ffc,769cd5e2cb050ab212a97082c4a256ef43dc64b714a0c26701a78198cee16ffc
203,33,exact,1.0,7113724d9f1e0162ee11e153c595e7475ab8dceac938e22291f5e6291a517eb7,7113724d9f1e0162ee11e153c595e7475ab8dceac938e22291f5e6291a517eb7
204,565,exact,1.0,834dbd4c75d432936201af37b14af21c793d58ea750a66dbfc5255902f3a7664,834dbd4c75d432936201af37b14af21c793d58ea750a66dbfc5255902f3a7664
205,520,exact,1.0,b6ffe1cb038e65ac6020112f80ad3834da8d7ed8895c22830390d3c952e0d4e0,b6ffe1cb038e65ac6020112f80ad3834da8d7ed8895c22830390d3c952e0d4e0
206,320,exact,1.0,718e7fe69e6b20a7f3d97a7dcd29ddfeb20808fd894e655c28c7d51f73e44fe5,718e7fe69e6b20a7f3d97a7dcd29ddfeb20808fd894e655c28c7d51f73e44fe5
207,116,exact,1.0,d564b699ac4b1906218af27a951e9ef6703a825b983d3dcc4db30425b6ae1a76,d564b699ac4b1906218af27a951e9ef6703a825b983d3dcc4db30425b6ae1a76
208,109,exact,1.0,9a65f4d725aac4d9382cc54ad4dea05abcc6fd78059c36ed3dda4c5d5df62af9,9a65f4d725aac4d9382cc54ad4dea05abcc6fd78059c36ed3dda4c5d5df62af9
209,518,exact,1.0,b6b9a92716d8fc9e7b3e61f5761d6e545500defbdac7c3d62fe88afeed8f69c1,b6b9a92716d8fc9e7b3e61f5761d6e545500defbdac7c3d62fe88afeed8f69c1
210,523,exact,1.0,8ee4c3c244e9f893afefcb125498e3a94641b2ce79222107f3187affbeb2e8fe,8ee4c3c244e9f893afefcb125498e3a94641b2ce79222107f3187affbeb2e8fe
211,53,exact,1.0,4e3af3c0c340944d3a2a593043b5fd4148149e4f48112ab7df8d505ec89a7589,4e3af3c0c340944d3a2a593043b5fd4148149e4f48112ab7df8d505ec89a7589
212,488,exact,1.0,0cc7ea1cc511a91f61d1fc23eb5e984680a8f3d94a24f537f42a2acf2bd60cd3,0cc7ea1cc511a91f61d1fc23eb5e984680a8f3d94a24f537f42a2acf2bd60cd3
213,212,exact,1.0,a12d2df978f4f97b83352e7e00c8d63261e0e33f323fe7f5bc43fd7a9e6ed730,a12d2df978f4f97b83352e7e00c8d63261e0e33f323fe7f5bc43fd7a9e6ed730
214,147,exact,1.0,244a9895d9b3150300115d55cf345ca043584f6a4faba4d50c9e7ed13e1a0a1e,244a9895d9b3150300115d55cf345ca043584f6a4faba4d50c9e7ed13e1a0a1e
215,165,exact,1.0,8000cb1ed3e29582bac04fca6609250c8a436c04584623bd20c3b60fc53801c3,8000cb1ed3e29582bac04fca6609250c8a436c04584623bd20c3b60fc53801c3
216,435,exact,1.0,95e82ac4c798fb825b8cc47bd4d6c358dadec1955a196ecc316b7b955e730166,95e82ac4c798fb825b8cc47bd4d6c358dadec1955a196ecc316b7b955e730166
217,170,exact,1.0,9ad61756925c2508810ef7ee9492782126f0998c7ae11d4863285ae82d9c2676,9ad61756925c2508810ef7ee9492782126f0998c7ae11d4863285ae82d9c2676
218,182,exact,1.0,0e3f2c6358e3667db772e17ee4bb388d27779d2cb1ef77b7fbacd798161613e2,0e3f2c6358e3667db772e17ee4bb388d27779d2cb1ef77b7fbacd798161613e2
219,588,exact,1.0,0fd2cd1b7715b86601eee3d07144bb2abac362c3a2cb6dfedf16b833a56343e2,0fd2cd1b7715b86601eee3d07144bb2abac362c3a2cb6dfedf16b833a56343e2
220,94,exact,1.0,ad91af2866910280364dd0eed122ace65259dee75654ef27fb5dd057e4c2db4f,ad91af2866910280364dd0eed122ace65259dee75654ef27fb5dd057e4c2db4f
221,260,exact,1.0,f3756d806269fc910d433ac384afff19b58b84a0a3c94cd5ffbdc7f98f2b3f9f,f3756d806269fc910d433ac384afff19b58b84a0a3c94cd5ffbdc7f98f2b3f9f
222,486,exact,1.0,3f9cccc3430a6669e9485790b0da8465ed107cbf3f62fb52f2cc69cc0b576094,3f9cccc3430a6669e9485790b0da8465ed107cbf3f62fb52f2cc69cc0b576094
223,379,exact,1.0,b71fc5979216fefb681bae1b4b98ee2127fe0755aa83d6370aaf535598f5204d,b71fc5979216fefb681bae1b4b98ee2127fe0755aa83d6370aaf535598f5204d
224,44,exact,1.0,cd4569db382a2eef5a7bc937cc6363dcd2c751079ad04ab8523f49c8d88d0d36,cd4569db382a2eef5a7bc937cc6363dcd2c751079ad04ab8523f49c8d88d0d36
225,392,exact,1.0,7010658f849805d261e8e21d1681bc6b31f8a4f1fff44d4d9d4d1a8f55199a06,7010658f849805d261e8e21d1681bc6b31f8a4f1fff44d4d9d4d1a8f55199a06
226,126,exact,1.0,2346b03b7760770c7e0ba50c0b3811990dc2cf2a473bb3b9f604b56e8750e3a6,2346b03b7760770c7e0ba50c0b3811990dc2cf2a473bb3b9f604b56e8750e3a6
227,423,exact,1.0,ab222fa09328dfc1ba4ce245a5221745323bb71451cb56db4e0c6c1bc15e1ca3,ab222fa09328dfc1ba4ce245a5221745323bb71451cb56db4e0c6c1bc15e1ca3
228,385,exact,1.0,302d03a99bf0b4861a2ef3d05fc54bdc3985f4508010b9ecd1dfd0115d464b42,302d03a99bf0b4861a2ef3d05fc54bdc3985f4508010b9ecd1dfd0115d464b42
229,574,exact,1.0,4fa0f045b99a5092866b0fde79fd1e85b7ba7847fde44509f49fef663b475305,4fa0f045b99a5092866b0fde79fd1e85b7ba7847fde44509f49fef663b475305
230,289,exact,1.0,57f716ee9c5a7a19f7daae10241823e0ceee7eceda4b8a210174b721bc3cec94,57f716ee9c5a7a19f7daae10241823e0ceee7eceda4b8a210174b721bc3cec94
231,541,exact,1.0,4960c8f5fa19138a5baeaa1ce080451ad4f4d051c01972a94e504e971b73f506,4960c8f5fa19138a5baeaa1ce080451ad4f4d051c01972a94e504e971b73f506
232,194,exact,1.0,df133d3798fb298cb2be5ca52eb2f858f1feddf73da7452337f7900336c2daa8,df133d3798fb298cb2be5ca52eb2f858f1feddf73da7452337f7900336c2daa8
233,450,exact,1.0,9780a3e0a8f10e8809cbc59b4cb20532c20139197ad300cd75cc7c6ec2092257,9780a3e0a8f10e8809cbc59b4cb20532c20139197ad300cd75cc7c6ec2092257
234,104,exact,1.0,7bfde1c2cdd0a9bf0686fd3eeb3633828985eed3e44eff55016c3eeff9de8e5a,7bfde1c2cdd0a9bf0686fd3eeb3633828985eed3e44eff55016c3eeff9de8e5a
235,404,exact,1.0,dcba00f69f19380d0afefd9f5c115713c0fc12de6c3691834a5b312045546c8a,dcba00f69f19380d0afefd9f5c115713c0fc12de6c3691834a5b312045546c8a
236,444,exact,1.0,9065c8afa2d3a1b3041a5abf299a358db1a0443b1047e76f7cd2b110a50ee094,9065c8afa2d3a1b3041a5abf299a358db1a0443b1047e76f7cd2b110a50ee094
237,535,exact,1.0,c1e5a40f132789487236d6f262b5e411c65f1c7d027b5ae193fcc559be7752f4,c1e5a40f132789487236d6f262b5e411c65f1c7d027b5ae193fcc559be7752f4
238,61,exact,1.0,dd0f0c9ac1bf6a479f76dcf1cefa9d32c97964c919ed2bc7f8febfdceb900bdf,dd0f0c9ac1bf6a479f76dcf1cefa9d32c97964c919ed2bc7f8febfdceb900bdf
239,360,exact,1.0,ee3a5251ee7d5782b2dde180866bc20cc9e5c7ce3e0755e41d39dea25ef392fc,ee3a5251ee7d5782b2dde180866bc20cc9e5c7ce3e0755e41d39dea25ef392fc
240,113,exact,1.0,900512829281d3c45cf42926cd1cab5699a9d2058c3b8e0c636ad96d83c93c67,900512829281d3c45cf42926cd1cab5699a9d2058c3b8e0c636ad96d83c93c67
241,497,exact,1.0,503767e072a6fc946fc4302deaac89f422931891d51ec66afdf95391454f2f6f,503767e072a6fc946fc4302deaac89f422931891d51ec66afdf95391454f2f6f
242,418,exact,1.0,3904ada595e7449235dfd4fc3e79200d0832d529fd0cf4b16938e0817a753b33,3904ada595e7449235dfd4fc3e79200d0832d529fd0cf4b16938e0817a753b33
243,397,exact,1.0,d2309e19a735dfdd0eb9d1b89758fc08057e5296720dc5bdc7afcba809dfc999,d2309e19a735dfdd0eb9d1b89758fc08057e5296720dc5bdc7afcba809dfc999
244,358,exact,1.0,d359b7fd7d52ba8e7d329c2cdfcf21503e0206293a3fabdce9a09eba9765e7e7,d359b7fd7d52ba8e7d329c2cdfcf21503e0206293a3fabdce9a09eba9765e7e7
245,536,exact,1.0,e24b0713c87e8a016bc455623d675b6778df473eab16d486c1422ced029f7ab8,e24b0713c87e8a016bc455623d675b6778df473eab16d486c1422ced029f7ab8
246,1,exact,1.0,608f64cd1a2d173fa9316d2856f52428d068091c4b92290a4d8857feb431ffed,608f64cd1a2d173fa9316d2856f52428d068091c4b92290a4d8857feb431ffed
247,151,exact,1.0,4ced4f12d515db319b8a7da050c115876993ed4854a4c0938935a3efec7fff8a,4ced4f12d515db319b8a7da050c115876993ed4854a4c0938935a3efec7fff8a
248,463,exact,1.0,7feae67feaa09bf6c1f7523cc7d18a15b156499019c0ce9c97a49af86ecafb35,7feae67feaa09bf6c1f7523cc7d18a15b156499019c0ce9c97a49af86ecafb35
249,298,exact,1.0,5f813decd9097a0c8befd39b44a3c41435cf05892595a2ad702938effd616ad4,5f813decd9097a0c8befd39b44a3c41435cf05892595a2ad702938effd616ad4
250,92,exact,1.0,211c757272b77f22908d9a60cf3754868c0f4e9a56f41ada2ff9c583bed065c7,211c757272b77f22908d9a60cf3754868c0f4e9a56f41ada2ff9c583bed065c7
251,78,exact,1.0,b0a5ff4d3d8a4066e88381ec4d2622852ad7711e577af568fe1a55aa37551e1b,b0a5ff4d3d8a4066e88381ec4d2622852ad7711e577af568fe1a55aa37551e1b
252,548,exact,1.0,c0da9d0484c465b91fc16e51dee505e0022bafbed94a5c6f267b07a77819a001,c0da9d0484c465b91fc16e51dee505e0022bafbed94a5c6f267b07a77819a001
253,587,exact,1.0,9976539e2aabe00680d63b42665b162e145f101aa52db905d897ef030983dfdc,9976539e2aabe00680d63b42665b162e145f101aa52db905d897ef030983dfdc
254,349,exact,1.0,07dc07aa20a2db15adff577a58acec035b846ee249195579d2b4a0b6b44cb235,07dc07aa20a2db15adff577a58acec035b846ee249195579d2b4a0b6b44cb235
255,36,exact,1.0,48ce398fb78d925581d7c305b90d5ffa213a6df4dffb7dea5782783592916334,48ce398fb78d925581d7c305b90d5ffa213a6df4dffb7dea5782783592916334
256,573,exact,1.0,18474d9bb1bce7156b7f5e3c354b5c556ab6b6f0ac2d88d7cc6c3c6da7382426,18474d9bb1bce7156b7f5e3c354b5c556ab6b6f0ac2d88d7cc6c3c6da7382426
257,515,exact,1.0,561a3bc1a3f6beb8ec634a7c9e07ecc38d303254e3de5af43225e353c63218ff,561a3bc1a3f6beb8ec634a7c9e07ecc38d303254e3de5af43225e353c63218ff
258,22,exact,1.0,99ec93acdb776df85a2a0e9a88d89ae8b48bccd16657b62e23a6a8594565e70e,99ec93acdb776df85a2a0e9a88d89ae8b48bccd16657b62e23a6a8594565e70e
259,240,exact,1.0,4ac2d185317b34f070ea67216941c31d172d18f90b422ec6cf447152f7e2bea7,4ac2d185317b34f070ea67216941c31d172d18f90b422ec6cf447152f7e2bea7
260,310,exact,1.0,ebe6866cdd7bb6cce159969484e666be8e5169031a579e2b627b36c2aeb5a489,ebe6866cdd7bb6cce159969484e666be8e5169031a579e2b627b36c2aeb5a489
261,293,exact,1.0,cc035eb86d626792f843e2a2d138d5b99f7fd7c63d9d78f15f4b15c307364b81,cc035eb86d626792f843e2a2d138d5b99f7fd7c63d9d78f15f4b15c307364b81
262,229,exact,1.0,7dba93ca21ada8d559be6b1d1293955cdc4f43379d4a1aa18cd24ccaeefbba12,7dba93ca21ada8d559be6b1d1293955cdc4f43379d4a1aa18cd24ccaeefbba12
263,91,exact,1.0,1d9fc3ce9dd75e9a9c791a1e508f8bc2db259db259dbd18c7a6a1c1c1bce1663,1d9fc3ce9dd75e9a9c791a1e508f8bc2db259db259dbd18c7a6a1c1c1bce1663
264,560,exact,1.0,ed985033cced71707edc0a97b6f2b254be0043c592dab1b8fc470ac9fcb24ac4,ed985033cced71707edc0a97b6f2b254be0043c592dab1b8fc470ac9fcb24ac4
265,159,exact,1.0,3ba34a6c8ca0c9906f085d13df6fcbdf486d892ad7cc66fb4a1d2c7e8965a96c,3ba34a6c8ca0c9906f085d13df6fcbdf486d892ad7cc66fb4a1d2c7e8965a96c
266,211,exact,1.0,05a44152b8e5666d8b7bdfef6f1d1fdbe43692ca396ad36b67270c9266082641,05a44152b8e5666d8b7bdfef6f1d1fdbe43692ca396ad36b67270c9266082641
267,117,exact,1.0,370b9509c3065900255beb9482bf31c474ab311baeae41f8349bd9c44d9e712d,370b9509c3065900255beb9482bf31c474ab311baeae41f8349bd9c44d9e712d
268,348,exact,1.0,964472819b2d80bd9f431d433e3ab925c26b7c36e21d467e0fbee65ced085d21,964472819b2d80bd9f431d433e3ab925c26b7c36e21d467e0fbee65ced085d21
269,223,exact,1.0,41683dc0312046b6ebb2d48cdc7c69730c9d5910f9a65ead993fe6b4a3d551c8,41683dc0312046b6ebb2d48cdc7c69730c9d5910f9a65ead993fe6b4a3d551c8
270,206,exact,1.0,7f16b9b6c8c5f7cf3a47c0ea7bbdfbebd5882d8cc776134a56b1bd618cdacdc1,7f16b9b6c8c5f7cf3a47c0ea7bbdfbebd5882d8cc776134a56b1bd618cdacdc1
271,476,exact,1.0,4798bd1b5bdd8057321660e04597bd1a7915be5f1b6ef56f53a4444d52c7f5c1,4798bd1b5bdd8057321660e04597bd1a7915be5f1b6ef56f53a4444d52c7f5c1
272,169,exact,1.0,e89654effc9286d1eee77a3d3225eea89a9cc4de8857dffc52d1ef2e123d0625,e89654effc9286d1eee77a3d3225eea89a9cc4de8857dffc52d1ef2e123d0625
273,281,exact,1.0,ef9d84c0f1ec296c4e0ccdc93589b7a084cee1160b6246be62d2d158acd0d35b,ef9d84c0f1ec296c4e0ccdc93589b7a084cee1160b6246be62d2d158acd0d35b
274,325,exact,1.0,973d737017893074a1a792089b7b6c294d592f02f8248353807277fef9d1a53b,973d737017893074a1a792089b7b6c294d592f02f8248353807277fef9d1a53b
275,428,exact,1.0,ed59268faf90b8fa8a17a5d03e9bbc9e72065fbb9cd7f23689154c84101834eb,ed59268faf90b8fa8a17a5d03e9bbc9e72065fbb9cd7f23689154c84101834eb
276,532,exact,1.0,f7f8abbac220f9f44ecf28ad765108f37274ae5e91cd6aa9462700483713819f,f7f8abbac220f9f44ecf28ad765108f37274ae5e91cd6aa9462700483713819f
277,130,exact,1.0,7cceb120ce3f5e4ab9351c2911c00ebb62a6f12c8ead04c523b3744450b39c2a,7cceb120ce3f5e4ab9351c2911c00ebb62a6f12c8ead04c523b3744450b39c2a
278,545,exact,1.0,c20d4e0a98b1dae7a2903db0df19418eee08f94a487fa8944ac04d0a3f346ed7,c20d4e0a98b1dae7a2903db0df19418eee08f94a487fa8944ac04d0a3f346ed7
279,514,exact,1.0,4422395b92187ff9887a0f8a51bceb1231efe19476bfeec01129f7291aaabafa,4422395b92187ff9887a0f8a51bceb1231efe19476bfeec01129f7291aaabafa
280,338,exact,1.0,f761e14825de05348fa2412bf929f282fec08be336cfb432aa4b96826f3d4251,f761e14825de05348fa2412bf929f282fec08be336cfb432aa4b96826f3d4251
281,270,exact,1.0,76d14ff5124611776474a1775e2b15d011cdeefd7650d32ef529adbf08ce973b,76d14ff5124611776474a1775e2b15d011cdeefd7650d32ef529adbf08ce973b
282,319,exact,1.0,7e2bf1b9ce9def1ffe10fd6e241aa4fa8297fb2cec56b3db965b75ff05492d20,7e2bf1b9ce9def1ffe10fd6e241aa4fa8297fb2cec56b3db965b75ff05492d20
283,74,exact,1.0,759ac25daa3d024e89834550ec769b5955daca119677dad734697de515a7b83b,759ac25daa3d024e89834550ec769b5955daca119677dad734697de515a7b83b
284,60,exact,1.0,62d5d790b70a55124df761415d765d092b33e49ac2ef5f4fcf3a4ee826f49040,62d5d790b70a55124df761415d765d092b33e49ac2ef5f4fcf3a4ee826f49040
285,352,exact,1.0,4bef6605ecd87f9ba3ccecbe7ef5a696433e3dadfc8801b02df0f75f19460eb5,4bef6605ecd87f9ba3ccecbe7ef5a696433e3dadfc8801b02df0f75f19460eb5
286,232,exact,1.0,807c784d9f17900e75aadad69aa7136d48e05ddb245951c378e75fc6af40f9df,807c784d9f17900e75aadad69aa7136d48e05ddb245951c378e75fc6af40f9df
287,456,exact,1.0,e2a967b2c02b472d313fccc465b3993622c592f02a4fd03670b492712500ae17,e2a967b2c02b472d313fccc465b3993622c592f02a4fd03670b492712500ae17
288,184,exact,1.0,9ad4702b70b6e5845a5271f8c4994273cb4874fc233740c504d90a0322fbea87,9ad4702b70b6e5845a5271f8c4994273cb4874fc233740c504d90a0322fbea87
289,83,exact,1.0,dd8928dac934e832c5082e41fb80097a5107c6a69413d159d701ce34949edae1,dd8928dac934e832c5082e41fb80097a5107c6a69413d159d701ce34949edae1
290,34,exact,1.0,5371fc254657a8b0c9ceeda1c2b0346b9af6a6c3e62357e991c4601286fb39b3,5371fc254657a8b0c9ceeda1c2b0346b9af6a6c3e62357e991c4601286fb39b3
291,129,exact,1.0,12ed266aa527592fef215074c3552d301320a40c6ff858f664124208ffed21f8,12ed266aa527592fef215074c3552d301320a40c6ff858f664124208ffed21f8
292,13,exact,1.0,ca2aba44dc1e486504117d1b2e793dae9ab9a2e7f0c1d0f4c2e0edaa9dc6b1be,ca2aba44dc1e486504117d1b2e793dae9ab9a2e7f0c1d0f4c2e0edaa9dc6b1be
293,14,exact,1.0,2982f6076398f2d4204caa7cb7544d9729b792179fcfe7111b8a3175408d6bcd,2982f6076398f2d4204caa7cb7544d9729b792179fcfe7111b8a3175408d6bcd
294,448,exact,1.0,170d75f8f61fd177fb8b1880fd9067f261e72e24f308650ad242106ce9c99685,170d75f8f61fd177fb8b1880fd9067f261e72e24f308650ad242106ce9c99685
295,99,exact,1.0,efb1a96064d6de4c7db8430e26f2aae836cf72601786e5805fe33a299a6ff479,efb1a96064d6de4c7db8430e26f2aae836cf72601786e5805fe33a299a6ff479
296,105,exact,1.0,f674037f1332427e66d8db7cd2bd262c7aea4037bf3cf2169d982b952a545642,f674037f1332427e66d8db7cd2bd262c7aea4037bf3cf2169d982b952a545642
297,209,exact,1.0,97629698ec6377055f03ffa02164f23030d6576aa84e295e9267ef51a6de8c5e,97629698ec6377055f03ffa02164f23030d6576aa84e295e9267ef51a6de8c5e
298,550,exact,1.0,28d740d58325c8824ca01d4f3a2756bad67a4b98a283002f2fdce2be2591321a,28d740d58325c8824ca01d4f3a2756bad67a4b98a283002f2fdce2be2591321a
299,235,exact,1.0,b92c962412b785a9873f364a576042070ae6454b310bc9d5ce1d031b0691c4d2,b92c962412b785a9873f364a576042070ae6454b310bc9d5ce1d031b0691c4d2
300,501,exact,1.0,7a8855f24c55f5987b382e1747d37ba63993ea39f602054135a228d9760f650d,7a8855f24c55f5987b382e1747d37ba63993ea39f602054135a228d9760f650d
301,35,exact,1.0,c6205a16fc10eba478f4fc850f458f5ee5ad6689449f38392c79261ea94b6ac5,c6205a16fc10eba478f4fc850f458f5ee5ad6689449f38392c79261ea94b6ac5
302,528,exact,1.0,d4fb58808bb509aa1d754ed8ce622dd9b9e339a94c65e6ac714d14645578228f,d4fb58808bb509aa1d754ed8ce622dd9b9e339a94c65e6ac714d14645578228f
303,480,exact,1.0,32d86ab1413bc4c6596c98cd65eb82f9e8dac7c894315f10e39a79eb2ef83fb7,32d86ab1413bc4c6596c98cd65eb82f9e8dac7c894315f10e39a79eb2ef83fb7
304,372,exact,1.0,8af56a1c2bcd642572d3eccd4d8d101112ff4b0b5a1d27733e8e02d1fe75d338,8af56a1c2bcd642572d3eccd4d8d101112ff4b0b5a1d27733e8e02d1fe75d338
305,474,exact,1.0,6080f2f3e9374debc1ea34adc339ecd7799455c72484944699140488daa702e3,6080f2f3e9374debc1ea34adc339ecd7799455c72484944699140488daa702e3
306,539,exact,1.0,94166f490ae183b66b8d5890c1b8a2ed5fe9e7c834d1c2d6a367215be30729c6,94166f490ae183b66b8d5890c1b8a2ed5fe9e7c834d1c2d6a367215be30729c6
307,103,exact,1.0,67769b2e700c9a1843a085d7d3f53784d177b834643a370a700736071559d605,67769b2e700c9a1843a085d7d3f53784d177b834643a370a700736071559d605
308,505,exact,1.0,45ce1bc5554faa6230bc2e4f473c2a367fdcd8f76aae78c2ecdd17ec334edec3,45ce1bc5554faa6230bc2e4f473c2a367fdcd8f76aae78c2ecdd17ec334edec3
309,217,exact,1.0,ab87e574681c7c34223486ec298f0c335329f04674c782e4c01c8c069d22d4fb,ab87e574681c7c34223486ec298f0c335329f04674c782e4c01c8c069d22d4fb
310,89,exact,1.0,ef789c1b07e6a1afd4d89b834a0ae2a9fe22cf110ad1d39b55f6d8c076a3aec5,ef789c1b07e6a1afd4d89b834a0ae2a9fe22cf110ad1d39b55f6d8c076a3aec5
311,146,exact,1.0,95e261c59bd1536d16c162226a5d8e70426d0cdf9285b4b6b01095a83ec801ed,95e261c59bd1536d16c162226a5d8e70426d0cdf9285b4b6b01095a83ec801ed
312,132,exact,1.0,e68226ca80408125038c7893cf3ee248942d4d9e281ae7b192c5aa65acfe1e38,e68226ca80408125038c7893cf3ee248942d4d9e281ae7b192c5aa65acfe1e38
313,17,exact,1.0,a50dcb328edf1203063ec46a569c23fb7f9b8f1a2285cbdb3ba26cbdffa1de55,a50dcb328edf1203063ec46a569c23fb7f9b8f1a2285cbdb3ba26cbdffa1de55
314,317,exact,1.0,5813fe1eb30a8e162bef30455ec4529c700f8854928fe2738ac9b0c8ab66da41,5813fe1eb30a8e162bef30455ec4529c700f8854928fe2738ac9b0c8ab66da41
315,24,exact,1.0,84f8c840188ce736d8105d950f9c565c6ce3570e79aa2d8ce631a54e5fbd0e04,84f8c840188ce736d8105d950f9c565c6ce3570e79aa2d8ce631a54e5fbd0e04
316,173,exact,1.0,5e83819b5a87da995d9158bb7d275c97d735414c7baa969df6edb49f169ab4d1,5e83819b5a87da995d9158bb7d275c97d735414c7baa969df6edb49f169ab4d1
317,111,exact,1.0,bc46d0de1582f3407ac19f5d48ad8230c0538f3cab8e7537277cdf2221b074e7,bc46d0de1582f3407ac19f5d48ad8230c0538f3cab8e7537277cdf2221b074e7
318,351,exact,1.0,f5d04cbc166aa0a889e058f24f17851e220007d068c2ffd047cf05b885d07af3,f5d04cbc166aa0a889e058f24f17851e220007d068c2ffd047cf05b885d07af3
319,496,exact,1.0,06c3263f2b6d37b2c79225dba1aadbef91bc9c15aac932de30e335f161bb64bd,06c3263f2b6d37b2c79225dba1aadbef91bc9c15aac932de30e335f161bb64bd
320,378,exact,1.0,4e166349a048e940362a7c9ea5507731f17c2292d84595bfd6494e4f94452a47,4e166349a048e940362a7c9ea5507731f17c2292d84595bfd6494e4f94452a47
321,213,exact,1.0,d83c358e0991b61a25f78f1b6a41560613352f1fb96b285639dbd8185bc0e4fa,d83c358e0991b61a25f78f1b6a41560613352f1fb96b285639dbd8185bc0e4fa
322,475,exact,1.0,021fc0358cc72d66ff08b4585937b7b32ae01f5b9bc69478e3699cda4b32aa6d,021fc0358cc72d66ff08b4585937b7b32ae01f5b9bc69478e3699cda4b32aa6d
323,136,exact,1.0,97529921edbd599cf3c6d4b2d0ae762aaea7a8454d5075c5c16dbdecfe05ff4a,97529921edbd599cf3c6d4b2d0ae762aaea7a8454d5075c5c16dbdecfe05ff4a
324,316,exact,1.0,e996eca9ee75c575d9570fd4fb8a9b717e0e5e3815deb1c78918dd85c0b81da3,e996eca9ee75c575d9570fd4fb8a9b717e0e5e3815deb1c78918dd85c0b81da3
325,383,exact,1.0,5bfd622c50634ee634b65704629d1d913387f4eafd1e1856f3a3d1772ad4238a,5bfd622c50634ee634b65704629d1d913387f4eafd1e1856f3a3d1772ad4238a
326,311,exact,1.0,3a16e3016d9fdd7a291c49eab7eebbbf0f2749dacc20aec84d8d4f8c0dbf5ccb,3a16e3016d9fdd7a291c49eab7eebbbf0f2749dacc20aec84d8d4f8c0dbf5ccb
327,513,exact,1.0,9208c39bdb46a69e0484eb13d9bccfc5b04716596dd2a318d3a2c1797e3a46ad,9208c39bdb46a69e0484eb13d9bccfc5b04716596dd2a318d3a2c1797e3a46ad
328,70,exact,1.0,71748ca6972b7ba5337abdd826b35004c66ad41f9040c00bdc85b53a67216b93,71748ca6972b7ba5337abdd826b35004c66ad41f9040c00bdc85b53a67216b93
329,67,exact,1.0,48238ba43c3af78c3066fc493f7cce13cfba29196f60262d4bac841294f27dc3,48238ba43c3af78c3066fc493f7cce13cfba29196f60262d4bac841294f27dc3
330,154,exact,1.0,475da185c1062134040712ee656a322c7b7364726eeb8fdc3f99c2aad8620ed7,475da185c1062134040712ee656a322c7b7364726eeb8fdc3f99c2aad8620ed7
331,592,exact,1.0,042103ba99f279adc420a1b5c1c41810ad56f5dbc54b9bd035b5ef611a58e14d,042103ba99f279adc420a1b5c1c41810ad56f5dbc54b9bd035b5ef611a58e14d
332,291,exact,1.0,aa972708ab0a615e8891b17d325d5b13d22f2c5d3f831fd5379f74df99101981,aa972708ab0a615e8891b17d325d5b13d22f2c5d3f831fd5379f74df99101981
333,484,exact,1.0,7a9392403f60b8fdf0d7f6b33679239590188bdc14042329939df8c1933d772b,7a9392403f60b8fdf0d7f6b33679239590188bdc14042329939df8c1933d772b
334,90,exact,1.0,2f6c850abec94ca3d3da1f6a0d6a0bea5c68b4b77fe9459858728db20b97ede6,2f6c850abec94ca3d3da1f6a0d6a0bea5c68b4b77fe9459858728db20b97ede6
335,148,exact,1.0,10a27ad9bae3d64baf7e286cb7f06e0e277d7fa3fb38e848dccd6c95811b915d,10a27ad9bae3d64baf7e286cb7f06e0e277d7fa3fb38e848dccd6c95811b915d
336,399,exact,1.0,dff1d32210abba5a4f5d62b3305ab22aed77a89f0d44a6c5e9b9768d927d1ef6,dff1d32210abba5a4f5d62b3305ab22aed77a89f0d44a6c5e9b9768d927d1ef6
337,189,exact,1.0,c130e746b32813a311974f9915870bd4ad5fd2f5cbd16fd43d676684479ff997,c130e746b32813a311974f9915870bd4ad5fd2f5cbd16fd43d676684479ff997
338,133,exact,1.0,4a6417dfc90867db23c7fb05b3429d3201616edf4083ec729a0d29444294c640,4a6417dfc90867db23c7fb05b3429d3201616edf4083ec729a0d29444294c640
339,161,exact,1.0,b719bc48d938c8c1cc01e165baa5e9d4eed6f0835010b31a099b90f8660d4efe,b719bc48d938c8c1cc01e165baa5e9d4eed6f0835010b31a099b90f8660d4efe
340,115,exact,1.0,24bd8bf40c3d771b63d1392ad48232479d49984867152d775389dda49df476ce,24bd8bf40c3d771b63d1392ad48232479d49984867152d775389dda49df476ce
341,510,exact,1.0,0803d6138c46cacaa4437bee6cd16fddcd4f96d37e0379defe572591f0336ef9,0803d6138c46cacaa4437bee6cd16fddcd4f96d37e0379defe572591f0336ef9
342,341,exact,1.0,1c39ddaf8e6ee710321f1e9ad4fcf45a653e3fe4f72dbad8d89fea65434f06d7,1c39ddaf8e6ee710321f1e9ad4fcf45a653e3fe4f72dbad8d89fea65434f06d7
343,359,exact,1.0,cef0e31efb199683ce1e458189a1d5293a383ed868e2d5904cd8df8bac949c7c,cef0e31efb199683ce1e458189a1d5293a383ed868e2d5904cd8df8bac949c7c
344,4,exact,1.0,96de47d269fba506ccfb6548d2ab47ba4aeed7a38aeba1aaa82f43dc9b2b666f,96de47d269fba506ccfb6548d2ab47ba4aeed7a38aeba1aaa82f43dc9b2b666f
345,598,exact,1.0,0135af9349b284ca01fb8ce3ace856362d94b82bbaa606121c2bc8083a38d135,0135af9349b284ca01fb8ce3ace856362d94b82bbaa606121c2bc8083a38d135
346,7,exact,1.0,05422d37902b924528327137266f244066fd8664713faa17b236fd3080d13315,05422d37902b924528327137266f244066fd8664713faa17b236fd3080d13315
347,471,exact,1.0,0c07716396924998bb6c2f8c0f22bc2de8f3b4f07f7c713bf2e17bd6fce3a3fd,0c07716396924998bb6c2f8c0f22bc2de8f3b4f07f7c713bf2e17bd6fce3a3fd
348,243,exact,1.0,1b70877741abd28666eb99f83f03a358b3dbedf0cdd29740b056c60982154b35,1b70877741abd28666eb99f83f03a358b3dbedf0cdd29740b056c60982154b35
349,422,exact,1.0,5d46ce861e04c0008f9f6c1c97b1b6b0863ce2f1877ede4a54956b441a14a3d9,5d46ce861e04c0008f9f6c1c97b1b6b0863ce2f1877ede4a54956b441a14a3d9
350,177,exact,1.0,2c1913550d51ae16b1b3755f672b779415609749f3733c782bd5da2ec98e6702,2c1913550d51ae16b1b3755f672b779415609749f3733c782bd5da2ec98e6702
351,332,exact,1.0,f2d161e916a585b74d0b08c0684007eccf59225094ccc767ded947015289bcee,f2d161e916a585b74d0b08c0684007eccf59225094ccc767ded947015289bcee
352,191,exact,1.0,85c56bd51b9900e22a2d9dcc4c3d89c4242f8238d1d080491a048006dba6e59b,85c56bd51b9900e22a2d9dcc4c3d89c4242f8238d1d080491a048006dba6e59b
353,163,exact,1.0,34c57a2c1131553ff7b68bc6a2b673eb7e1e93cea739ac4c25a973e37fcdf097,34c57a2c1131553ff7b68bc6a2b673eb7e1e93cea739ac4c25a973e37fcdf097
354,40,exact,1.0,23cfb01aa63c0efe410491f2084b0a34fcf5b5b0914105803b90278101093759,23cfb01aa63c0efe410491f2084b0a34fcf5b5b0914105803b90278101093759
355,39,exact,1.0,b289de311ee542fc7c3e22823e9dcaaba8792a266761ff6c97a1e3f4d3d9daa9,b289de311ee542fc7c3e22823e9dcaaba8792a266761ff6c97a1e3f4d3d9daa9
356,540,exact,1.0,ba5e1b921132f834d7ee9252a6a87999dee12d5a5a2c08c53a95be46c64fdf8a,ba5e1b921132f834d7ee9252a6a87999dee12d5a5a2c08c53a95be46c64fdf8a
357,110,exact,1.0,95b8af826685f3c823293261712f7b5abf0653202e4fcf6f49a0ce2ce950cfb2,95b8af826685f3c823293261712f7b5abf0653202e4fcf6f49a0ce2ce950cfb2
358,333,exact,1.0,d82068f6c9cb5ace9864dde19e051eedcc690aad05654390065c256325829f2e,d82068f6c9cb5ace9864dde19e051eedcc690aad05654390065c256325829f2e
359,23,exact,1.0,03de8cbdb796a92adca4f2b4998880bf0749bea8284350eb29c172457d558aa3,03de8cbdb796a92adca4f2b4998880bf0749bea8284350eb29c172457d558aa3
360,122,exact,1.0,78d6620df109a1dc5d52ad58ba90437206883deccce5d59c44336133c6dc4669,78d6620df109a1dc5d52ad58ba90437206883deccce5d59c44336133c6dc4669
361,76,exact,1.0,b2d1ae1ea52bac1bbd9d56f3b1cf4c4fe87f209a67505a8738aee0a363381631,b2d1ae1ea52bac1bbd9d56f3b1cf4c4fe87f209a67505a8738aee0a363381631
362,562,exact,1.0,16bd618a32ed6ecf350e9ff224a9da6a027bdbd97852547ca0cc50c1ca80c012,16bd618a32ed6ecf350e9ff224a9da6a027bdbd97852547ca0cc50c1ca80c012
363,561,exact,1.0,c2ec47650eadce963fd1ee260de3bb9f5e8a5faf71fca993a0e5f0632fa7d2db,c2ec47650eadce963fd1ee260de3bb9f5e8a5faf71fca993a0e5f0632fa7d2db
364,66,exact,1.0,72120ea84b6eb5d864ac1667ee89f9f00ff3614c124e5cd484f89e8935d9f9ad,72120ea84b6eb5d864ac1667ee89f9f00ff3614c124e5cd484f89e8935d9f9ad
365,522,exact,1.0,cdd364a31c0064fb93698c53decb99d643891872d196394bf72a2adab4a05ea1,cdd364a31c0064fb93698c53decb99d643891872d196394bf72a2adab4a05ea1
366,171,exact,1.0,505bdd263053d0ac3c2fd72177858a3c54c1fd044b3490c9960fa9f39d4369be,505bdd263053d0ac3c2fd72177858a3c54c1fd044b3490c9960fa9f39d4369be
367,313,exact,1.0,13e931de7425224a6381599a1aa591fc92cfeae1dc456f8881d5767e56d93576,13e931de7425224a6381599a1aa591fc92cfeae1dc456f8881d5767e56d93576
368,153,exact,1.0,5391430283276cd967bacb882e8b38f5fa4feaf2db1cccb0d66123f65f3a12d8,5391430283276cd967bacb882e8b38f5fa4feaf2db1cccb0d66123f65f3a12d8
369,118,exact,1.0,f798d77a07e7b5c2b329d62e0af6e707751ffe6abafcaa1df5c2ccbd47e11e2d,f798d77a07e7b5c2b329d62e0af6e707751ffe6abafcaa1df5c2ccbd47e11e2d
370,295,exact,1.0,bfbf4cd4bf7d9d5afa3d7e13b6ef2d086a880342ed7647a962f40453e20de2c3,bfbf4cd4bf7d9d5afa3d7e13b6ef2d086a880342ed7647a962f40453e20de2c3
371,87,exact,1.0,91ea7eed2e25f51d879ce2d3eeebf414c2cc085744237fe3b56f0e505a078924,91ea7eed2e25f51d879ce2d3eeebf414c2cc085744237fe3b56f0e505a078924
372,286,exact,1.0,6d85db034513658c33502369b09bce75a1d755dae9da6ed099b7c7a89cd15ca6,6d85db034513658c33502369b09bce75a1d755dae9da6ed099b7c7a89cd15ca6
373,247,exact,1.0,4583d77219f262c60992c1d435c53fecd25fb4c9a3d61eaf6718b7ad146be7cf,4583d77219f262c60992c1d435c53fecd25fb4c9a3d61eaf6718b7ad146be7cf
374,502,exact,1.0,a0f6dbf1f91bd1e4a623fca39e5deb08128b8f415a878bfc25287f27d007fd1e,a0f6dbf1f91bd1e4a623fca39e5deb08128b8f415a878bfc25287f27d007fd1e
375,164,exact,1.0,df81e88ecaf7967c37196b9c1182372dd64de7a92ad694ca60f34d7f22b4e084,df81e88ecaf7967c37196b9c1182372dd64de7a92ad694ca60f34d7f22b4e084
376,558,exact,1.0,93b367c6f8dfa65b63b0aae8c9f0318bc16c2f3184dfabcc74adf872699afe5f,93b367c6f8dfa65b63b0aae8c9f0318bc16c2f3184dfabcc74adf872699afe5f
377,197,exact,1.0,8d1e7ef0e4298b5b2925dd4b23950b10adbab97331bd46a24496b73931b89021,8d1e7ef0e4298b5b2925dd4b23950b10adbab97331bd46a24496b73931b89021
378,190,exact,1.0,c9b9ffafc30c879b8bcaf5733ddbd210099c38fe18019f4b9b8e962c38f2c9df,c9b9ffafc30c879b8bcaf5733ddbd210099c38fe18019f4b9b8e962c38f2c9df
379,198,exact,1.0,a5a9924191963c5e0b10b6ff7d86ca2f97c26300c8637ab01d53703c1102cc0c,a5a9924191963c5e0b10b6ff7d86ca2f97c26300c8637ab01d53703c1102cc0c
380,75,exact,1.0,71a8ea1169ecb8337cbba4588a5a67f7e5da3044008e1b595d42fe027ac90d64,71a8ea1169ecb8337cbba4588a5a67f7e5da3044008e1b595d42fe027ac90d64
381,29,exact,1.0,2b0c1495912bc7b76331ce8cfece2758b548d600af51667468af6ca762b8b1a6,2b0c1495912bc7b76331ce8cfece2758b548d600af51667468af6ca762b8b1a6
382,453,exact,1.0,c7bb9ec76117d28748018d63d7e7bbd93ac2c0a69933b1be0da1741c12135813,c7bb9ec76117d28748018d63d7e7bbd93ac2c0a69933b1be0da1741c12135813
383,108,exact,1.0,3cbb8da14ab8c6406651caea3e7e8f7b931a91c51415afbd52f2fe16d092c358,3cbb8da14ab8c6406651caea3e7e8f7b931a91c51415afbd52f2fe16d092c358
384,413,exact,1.0,1cc3c8167fd050ee9a52b7e40467c197537968c02b19cffd5420240d40bd95bc,1cc3c8167fd050ee9a52b7e40467c197537968c02b19cffd5420240d40bd95bc
385,568,exact,1.0,13b82532fda2f3435defef1649bc60846dfb8db96f2ef6bb6bf41596fc52e3e3,13b82532fda2f3435defef1649bc60846dfb8db96f2ef6bb6bf41596fc52e3e3
386,554,exact,1.0,3f72cd665894472823bdab6198377f378487c00ab0dd7055a46492c2f90bcb91,3f72cd665894472823bdab6198377f378487c00ab0dd7055a46492c2f90bcb91
387,259,exact,1.0,b9a710a534e2b026cf50d65d893bfef38af439c2525d5861ca207a187fcc7c8c,b9a710a534e2b026cf50d65d893bfef38af439c2525d5861ca207a187fcc7c8c
388,203,exact,1.0,27f1e737f7c72c8a31cde772f38bb5588434c2246bdfccce0586c2fe1748334c,27f1e737f7c72c8a31cde772f38bb5588434c2246bdfccce0586c2fe1748334c
389,465,exact,1.0,585344e67457f5784c73b20a8717b0b64193c54accab01abba70ab2372d7a6d9,585344e67457f5784c73b20a8717b0b64193c54accab01abba70ab2372d7a6d9
390,553,exact,1.0,1fcf684646ab5c255792d9a33564db94b46b844ae6584e1a865f46cb8b783d25,1fcf684646ab5c255792d9a33564db94b46b844ae6584e1a865f46cb8b783d25
391,506,exact,1.0,1c5ca8a4e70b72362fea23d37420955e7f0d92c319fb6d591c3ba3339b907cfb,1c5ca8a4e70b72362fea23d37420955e7f0d92c319fb6d591c3ba3339b907cfb
392,449,exact,1.0,6371272b27f57129a8a37cbe97d304eb9aae54fd56e40dc9ce75fb209026ce5a,6371272b27f57129a8a37cbe97d304eb9aae54fd56e40dc9ce75fb209026ce5a
393,583,exact,1.0,7323be27424a6f373ea8b78058b89914d5b5900395897b6ca8a244b9044e0446,7323be27424a6f373ea8b78058b89914d5b5900395897b6ca8a244b9044e0446
394,156,exact,1.0,5f30a023408d6ed2e775a5000b92daa1daa42dffee0ba149a216d1f978eaef2d,5f30a023408d6ed2e775a5000b92daa1daa42dffee0ba149a216d1f978eaef2d
395,525,exact,1.0,5a8348aefa4bb73a972d18e1af63b2f9faff2aa330a0e3408a74a0872668a439,5a8348aefa4bb73a972d18e1af63b2f9faff2aa330a0e3408a74a0872668a439
396,364,exact,1.0,00c66e6619a7e2fe9b4e265fc8f6c135b868ddd05f46cc07d5d1c13f8809f232,00c66e6619a7e2fe9b4e265fc8f6c135b868ddd05f46cc07d5d1c13f8809f232
397,175,exact,1.0,885660a7e8cd995b85536bd6cd4f3b27da51d8ffadec1f5768b118796a466ac7,885660a7e8cd995b85536bd6cd4f3b27da51d8ffadec1f5768b118796a466ac7
398,462,exact,1.0,1789a781c974816097329c94ef6beb469e739e7d07f2e45e09201602ece85e30,1789a781c974816097329c94ef6beb469e739e7d07f2e45e09201602ece85e30
399,503,exact,1.0,fc7100f7633cd16008a185df6ba5cb851e9fd9893c31a1cf08b7ebe62a82921f,fc7100f7633cd16008a185df6ba5cb851e9fd9893c31a1cf08b7ebe62a82921f
400,125,exact,1.0,efc93b43ae3f59a846de84d7c75d0de2eacc091d62edc614168e8852fd2974e4,efc93b43ae3f59a846de84d7c75d0de2eacc091d62edc614168e8852fd2974e4
401,185,exact,1.0,d316b8f53ed911907dd9a3509a7b405acab92bfa8c92bd21f3ec0d35bdd0c39c,d316b8f53ed911907dd9a3509a7b405acab92bfa8c92bd21f3ec0d35bdd0c39c
402,168,exact,1.0,c38ca814a42120a8889d97be51d52af3dc9de2b90d9266996f816ed22a0f2fc2,c38ca814a42120a8889d97be51d52af3dc9de2b90d9266996f816ed22a0f2fc2
403,580,exact,1.0,23957b2870f2449107e2300594c01e52def3b0cf3a6d9f496dfb749e7a8769d6,23957b2870f2449107e2300594c01e52def3b0cf3a6d9f496dfb749e7a8769d6
404,312,exact,1.0,83043764b8d476ba0012f83aa073a84c5828b2fd1bbab44ba2e43214cb4b9c52,83043764b8d476ba0012f83aa073a84c5828b2fd1bbab44ba2e43214cb4b9c52
405,519,exact,1.0,070064e922e97fafc8f9629aecca4fe81cf87f07eb87f66306557ae6fe9d122b,070064e922e97fafc8f9629aecca4fe81cf87f07eb87f66306557ae6fe9d122b
406,445,exact,1.0,bd0a27ee89764fbfc4d000b5a393e49c199a92a36d344aebd0687b82459e275c,bd0a27ee89764fbfc4d000b5a393e49c199a92a36d344aebd0687b82459e275c
407,43,exact,1.0,19a5920b3c4c5742fa11130c3901b2ff9dd56a6cb7ef0dc15bf02287955deaab,19a5920b3c4c5742fa11130c3901b2ff9dd56a6cb7ef0dc15bf02287955deaab
408,355,exact,1.0,25a603e5e5c5b6407ededfa6370033ff7a64902c15cf023e589458caf500e4f9,25a603e5e5c5b6407ededfa6370033ff7a64902c15cf023e589458caf500e4f9
409,150,exact,1.0,d4b1fb220338862d17ba8e3b011cfba918cac42e3cf3d868c6fb6d7099442f82,d4b1fb220338862d17ba8e3b011cfba918cac42e3cf3d868c6fb6d7099442f82
410,71,exact,1.0,084a5412e9fb65fb3c39c1d7b2acd3392ee61d59053fa02f50cd40404a48c4e4,084a5412e9fb65fb3c39c1d7b2acd3392ee61d59053fa02f50cd40404a48c4e4
411,216,exact,1.0,34d5b4c7a9ad738ae024126545cc3bdea089056d5267b2e038707504f31f26b1,34d5b4c7a9ad738ae024126545cc3bdea089056d5267b2e038707504f31f26b1
412,144,exact,1.0,e69cd017041cfb3d3583e7c90fd4ab6e4a75ef87365ff321511919e922d0713f,e69cd017041cfb3d3583e7c90fd4ab6e4a75ef87365ff321511919e922d0713f
413,93,exact,1.0,f3b8985f27cd703d56f675cfbd9d8630aa585a3a64ab98f6e613958b47cf2e45,f3b8985f27cd703d56f675cfbd9d8630aa585a3a64ab98f6e613958b47cf2e45
414,287,exact,1.0,87ed0a056ee8347c05143726ace1d1560448aec20ee95bc18f52f7fa05b420f3,87ed0a056ee8347c05143726ace1d1560448aec20ee95bc18f52f7fa05b420f3
415,196,exact,1.0,4f69947ed311dd1fbda658da74e450d3d765d8356b098179e6d2b5e4cce247aa,4f69947ed311dd1fbda658da74e450d3d765d8356b098179e6d2b5e4cce247aa
416,389,exact,1.0,ee4f13f4c42cd9049306d988095d3b5652443d43e7774c1574b716e4ed5b3153,ee4f13f4c42cd9049306d988095d3b5652443d43e7774c1574b716e4ed5b3153
417,426,exact,1.0,a8d73cfec583677606ea2cd0eaa08b66e8ad78f4a09a0dc1ca3c3a676702cf9b,a8d73cfec583677606ea2cd0eaa08b66e8ad78f4a09a0dc1ca3c3a676702cf9b
418,511,exact,1.0,b4c7ff7a4eb710060d2fa00e61e0c98b683c5f1221d9b21b8f44c66322b0435f,b4c7ff7a4eb710060d2fa00e61e0c98b683c5f1221d9b21b8f44c66322b0435f
419,121,exact,1.0,10a20ef46e2ff3c4686778b4c5851df9c1258ce98873e6690c130c54fd7e1c51,10a20ef46e2ff3c4686778b4c5851df9c1258ce98873e6690c130c54fd7e1c51
420,524,exact,1.0,38a1c5406b7bf78035ed132b11d44405b7c06c7a983300b89547e58c2efeb136,38a1c5406b7bf78035ed132b11d44405b7c06c7a983300b89547e58c2efeb136
421,490,exact,1.0,0347f96b95891b1e39e35e5dc23a149f290d86a048e085626672be835255042f,0347f96b95891b1e39e35e5dc23a149f290d86a048e085626672be835255042f
422,410,exact,1.0,da84483c510a849872905051b5bcc8f6cb47abfd9df0667dfebae3432240c1b4,da84483c510a849872905051b5bcc8f6cb47abfd9df0667dfebae3432240c1b4
423,370,exact,1.0,2b9bd9440576b8f6afc715d851627edc143cdde3cb1cc525dc6cd4bfcc6534b8,2b9bd9440576b8f6afc715d851627edc143cdde3cb1cc525dc6cd4bfcc6534b8
424,340,exact,1.0,8b0e66836727d195f4419ecdb111d9ce3ec0526e826f7811b9f6449a8593db56,8b0e66836727d195f4419ecdb111d9ce3ec0526e826f7811b9f6449a8593db56
425,200,exact,1.0,dd49b92648f49f10f9aeab64c1fb8951941a722d9a31b5cb0b3b0a689fb7aaae,dd49b92648f49f10f9aeab64c1fb8951941a722d9a31b5cb0b3b0a689fb7aaae
426,374,exact,1.0,67ccd6831b27c63e3e9f9554aa7ac2898b090b9f10927f6163e5aafed02f35f1,67ccd6831b27c63e3e9f9554aa7ac2898b090b9f10927f6163e5aafed02f35f1
427,577,exact,1.0,328247099e573098595c435448532ef8f4647ccd0a632839b78a60866034fb97,328247099e573098595c435448532ef8f4647ccd0a632839b78a60866034fb97
428,425,exact,1.0,cd529ab871d8c0c4ac70c48dc0f1d6956b5a288e8080a3a9884861079b0452c7,cd529ab871d8c0c4ac70c48dc0f1d6956b5a288e8080a3a9884861079b0452c7
429,26,exact,1.0,af708dae4bef4468e135a203369889ee164a2e97979377aafb8b2260f891a727,af708dae4bef4468e135a203369889ee164a2e97979377aafb8b2260f891a727
430,8,exact,1.0,fdb794bc41c8ac5cf6de1c3dfed32596b60ef40a37d0d66e521d0ceca818fef5,fdb794bc41c8ac5cf6de1c3dfed32596b60ef40a37d0d66e521d0ceca818fef5
431,258,exact,1.0,a448d000d7665e34150ce673334f75c3b058232e1190ab923e84b9d0a27db74a,a448d000d7665e34150ce673334f75c3b058232e1190ab923e84b9d0a27db74a
432,438,exact,1.0,7ba424069621c3abc872b7aab7b96f7b6f5a41e18219d8b3b6e4e90ba190b1d2,7ba424069621c3abc872b7aab7b96f7b6f5a41e18219d8b3b6e4e90ba190b1d2
433,434,exact,1.0,4080d9edb2a8c0d2204d55a0eab4e26a8ce6134658905962056e25307cfd42a2,4080d9edb2a8c0d2204d55a0eab4e26a8ce6134658905962056e25307cfd42a2
434,268,exact,1.0,3d856883d4efec79e8841ea8c87d2efdacf791793398a74b7ea795a102766179,3d856883d4efec79e8841ea8c87d2efdacf791793398a74b7ea795a102766179
435,275,exact,1.0,e53ca1fc7fc70033984dad66a6b5142da4365cec103dd33a1b3dc4863b93914d,e53ca1fc7fc70033984dad66a6b5142da4365cec103dd33a1b3dc4863b93914d
436,458,exact,1.0,cfeb8adebffa34969308f2325148beddc979302dc359a88679ecd7aa04bfd0e8,cfeb8adebffa34969308f2325148beddc979302dc359a88679ecd7aa04bfd0e8
437,119,exact,1.0,d34c19a988ec076137b8da6d8707bc1efda3d15fbc982cd21de5d7dafebc0a6e,d34c19a988ec076137b8da6d8707bc1efda3d15fbc982cd21de5d7dafebc0a6e
438,473,exact,1.0,5b4a4d5e1352e6541809f927f101009736fe06421f8463b60636eee61835bbb5,5b4a4d5e1352e6541809f927f101009736fe06421f8463b60636eee61835bbb5
439,318,exact,1.0,f125a41cb31e70177c00bd670b68e0d8af24da9da2e9df7f8f0311fe2641ded4,f125a41cb31e70177c00bd670b68e0d8af24da9da2e9df7f8f0311fe2641ded4
440,20,exact,1.0,171b0d69bf0b77031efaad7bf80ef54244688a961ac26d4a6535de69f0ec7ea3,171b0d69bf0b77031efaad7bf80ef54244688a961ac26d4a6535de69f0ec7ea3
441,365,exact,1.0,b577d15712306959f3e1bc763bcbc6f767914e997fe58cdfab959c0753ad66cf,b577d15712306959f3e1bc763bcbc6f767914e997fe58cdfab959c0753ad66cf
442,339,exact,1.0,d89585b03ffa402f641365bd75582c4913d24be75453c0a19e95929c26d8d754,d89585b03ffa402f641365bd75582c4913d24be75453c0a19e95929c26d8d754
443,380,exact,1.0,b6ba3a7e1dbec6f3108ce871b8f119d9f86ab9e3a3783b43d73ad9ece3b48cfc,b6ba3a7e1dbec6f3108ce871b8f119d9f86ab9e3a3783b43d73ad9ece3b48cfc
444,595,exact,1.0,a00747b1098202d1c499e7b3d1e22718c1119bcd6858b555f200aeee0020f0b3,a00747b1098202d1c499e7b3d1e22718c1119bcd6858b555f200aeee0020f0b3
445,101,exact,1.0,dcc62419f53c26a7d4d8731d47c83031bc6e698e5bbf37b2a2ec338555542385,dcc62419f53c26a7d4d8731d47c83031bc6e698e5bbf37b2a2ec338555542385
446,271,exact,1.0,70802eeb221c6aca679175a1c70085a62b678963cdff67a729715ca83b26832a,70802eeb221c6aca679175a1c70085a62b678963cdff67a729715ca83b26832a
447,419,exact,1.0,b3d76bc36db0d44d7a644fbcc52a4f9ab818d4d54a8f445fc49daefd93fa77ce,b3d76bc36db0d44d7a644fbcc52a4f9ab818d4d54a8f445fc49daefd93fa77ce
448,276,exact,1.0,67aa1d2ed107fd5c28764c1d8d6b557af969b95f27a3599b89cd5a7b18b8f14d,67aa1d2ed107fd5c28764c1d8d6b557af969b95f27a3599b89cd5a7b18b8f14d
449,481,exact,1.0,2ef9517a94d8c9ef69bada27144f4de2ab104cab981a28620362333072b5ac27,2ef9517a94d8c9ef69bada27144f4de2ab104cab981a28620362333072b5ac27
450,533,exact,1.0,6eaa6387fa5f07629234488118e5859db4c20e349a2606e34dc9b9b0184d05a9,6eaa6387fa5f07629234488118e5859db4c20e349a2606e34dc9b9b0184d05a9
451,549,exact,1.0,098a1396cd227fbae1d9fd3c55b7a1afb3187a4c4227922099ce82b4609f9cfd,098a1396cd227fbae1d9fd3c55b7a1afb3187a4c4227922099ce82b4609f9cfd
452,594,exact,1.0,64b2463f384b50f3dd5321b5a62238328ed765cb853b82986dbac9019dca3c92,64b2463f384b50f3dd5321b5a62238328ed765cb853b82986dbac9019dca3c92
453,263,exact,1.0,c95bce5721f627c7c10012e3d2d5283c546af665d42169762bf0aff5f44ad247,c95bce5721f627c7c10012e3d2d5283c546af665d42169762bf0aff5f44ad247
454,236,exact,1.0,1087140bad99fbc56e2f5ae4e905bb4a49243af1aaef894623bd58bcb2c8c58a,1087140bad99fbc56e2f5ae4e905bb4a49243af1aaef894623bd58bcb2c8c58a
455,461,exact,1.0,d4abeb7af45b8e10458c31dd4b81339dbd646f3a29f1e904435db443f8eb8670,d4abeb7af45b8e10458c31dd4b81339dbd646f3a29f1e904435db443f8eb8670
456,377,exact,1.0,20aae1a6efa1833a8cb44b3c7e3562d2fb91cbff78c5fdbfc9a362380d159b28,20aae1a6efa1833a8cb44b3c7e3562d2fb91cbff78c5fdbfc9a362380d159b28
457,350,exact,1.0,35fe8ab4c7713e7025ee3e3aa9cc8cb5f25d5a6b0aee50a2c12df8f55dbdc550,35fe8ab4c7713e7025ee3e3aa9cc8cb5f25d5a6b0aee50a2c12df8f55dbdc550
458,337,exact,1.0,40823a03d91ac7cf2bd4df5476e30ed4a54c8d60560714754727b761c06fcf1e,40823a03d91ac7cf2bd4df5476e30ed4a54c8d60560714754727b761c06fcf1e
459,363,exact,1.0,1e59be44a4741eb0eb5d0d9c7ba3e25fc926b3ba646058065cf70e948a1d391e,1e59be44a4741eb0eb5d0d9c7ba3e25fc926b3ba646058065cf70e948a1d391e
460,491,exact,1.0,84dc59be6eb30ae0db3320c38235bca6276c3292b09bd7a40384ac73bc3f9f1d,84dc59be6eb30ae0db3320c38235bca6276c3292b09bd7a40384ac73bc3f9f1d
461,534,exact,1.0,a761c157391795e3204e48b27d588285a64fe94631d9c0234931cef1a3b59f63,a761c157391795e3204e48b27d588285a64fe94631d9c0234931cef1a3b59f63
462,299,exact,1.0,587e90c66bac9ba538904e1e2f9375370c89e46726fbb2867e3a5e90d1f71f70,587e90c66bac9ba538904e1e2f9375370c89e46726fbb2867e3a5e90d1f71f70
463,466,exact,1.0,665aeadac2dfbdba20044e92bb39a6512200ddca0dd237fdbcc7d41f8d120924,665aeadac2dfbdba20044e92bb39a6512200ddca0dd237fdbcc7d41f8d120924
464,303,exact,1.0,3db780e3c392babb908f3d0c2031429d7c3fba4328e728a003d1f31d3062a1f4,3db780e3c392babb908f3d0c2031429d7c3fba4328e728a003d1f31d3062a1f4
465,381,exact,1.0,dfa9978134f9501ac9f8f6de661e631a9856fec852a0f5daaa037e723d60cd2a,dfa9978134f9501ac9f8f6de661e631a9856fec852a0f5daaa037e723d60cd2a
466,21,exact,1.0,86f3f38b4b1480dae3139aba576bbd40a050acaff8a1d010d0b36e393d5e50d9,86f3f38b4b1480dae3139aba576bbd40a050acaff8a1d010d0b36e393d5e50d9
467,454,exact,1.0,cfccf769d05a3f4e263b741ba32b12c8ae775faad0e93a81d31ec4702291c04b,cfccf769d05a3f4e263b741ba32b12c8ae775faad0e93a81d31ec4702291c04b
468,395,exact,1.0,3d388af5ae7856cb59e1923ee8bf4726507585971f958a36b45602613d5c9e7f,3d388af5ae7856cb59e1923ee8bf4726507585971f958a36b45602613d5c9e7f
469,32,exact,1.0,d94498cf4e961a69fa9c4008a43322b621008c4106703beb0e67c3b29cb5180f,d94498cf4e961a69fa9c4008a43322b621008c4106703beb0e67c3b29cb5180f
470,69,exact,1.0,9e659923181e0103b399a8a5b8fd9e5c55aafcf12f1763d7a561d906df96249a,9e659923181e0103b399a8a5b8fd9e5c55aafcf12f1763d7a561d906df96249a
471,373,exact,1.0,b91cd102dea63f9ca1fa7d7bc53a2c227e351d0ef5d407265e77e3605b62fa27,b91cd102dea63f9ca1fa7d7bc53a2c227e351d0ef5d407265e77e3605b62fa27
472,559,exact,1.0,f8e09684237b9bb25fa33347b45b30a4b8a69c07006144d2f441e48b1881446d,f8e09684237b9bb25fa33347b45b30a4b8a69c07006144d2f441e48b1881446d
473,455,exact,1.0,0438c6340166387fc023b8d48f77cf52cc7da3d6411447a339cb184c93801a77,0438c6340166387fc023b8d48f77cf52cc7da3d6411447a339cb184c93801a77
474,452,exact,1.0,13fdb69c802c587a33d1edaecebab3f3d8f4ce189824c7cc81ae03785e3e8395,13fdb69c802c587a33d1edaecebab3f3d8f4ce189824c7cc81ae03785e3e8395
475,493,exact,1.0,1cfbdff9e54136a4ef463459a1411856a1b5690da403821b9624827c7ab5b1e4,1cfbdff9e54136a4ef463459a1411856a1b5690da403821b9624827c7ab5b1e4
476,390,exact,1.0,24dea4d5ed39f83002c7c86ab97273bb3236da4136b58e572d16cf9117f6a254,24dea4d5ed39f83002c7c86ab97273bb3236da4136b58e572d16cf9117f6a254
477,386,exact,1.0,9b4b262ed5e5ce1d3911d5d809e10e4c3cd4ea204897b6f7f16dae82f8dc4e40,9b4b262ed5e5ce1d3911d5d809e10e4c3cd4ea204897b6f7f16dae82f8dc4e40
478,296,exact,1.0,75dc24da423709f5de7f77b9ee429f1120d4ffde0cec067cbc7593692545d25c,75dc24da423709f5de7f77b9ee429f1120d4ffde0cec067cbc7593692545d25c
479,405,exact,1.0,2702870d54007dfee3fb6461c86f352a6899f06bcf5a9487fa3a66ee23af0733,2702870d54007dfee3fb6461c86f352a6899f06bcf5a9487fa3a66ee23af0733
480,424,exact,1.0,0b3666819d42ee981750b9090053a4c48479da7e3004497188664d3885186c7e,0b3666819d42ee981750b9090053a4c48479da7e3004497188664d3885186c7e
481,222,exact,1.0,8999a18d903b01065c4a08de5b8edd34dadd7c44e34975f697c8dfb83c5f2dd6,8999a18d903b01065c4a08de5b8edd34dadd7c44e34975f697c8dfb83c5f2dd6
482,228,exact,1.0,156774132990a5f4468ae5e1d76ba567b31af2011fd45f9a6ebf55f859a88a2a,156774132990a5f4468ae5e1d76ba567b31af2011fd45f9a6ebf55f859a88a2a
483,86,exact,1.0,99cc9ec0213c5c292d9acc5be7a911b5f50814752bcba1c4d67333511a3cab48,99cc9ec0213c5c292d9acc5be7a911b5f50814752bcba1c4d67333511a3cab48
484,254,exact,1.0,8b40c65cfc4161eaee9e40c1c7c45396af0aeb3ad1de8495c06f8a3db3f8ee91,8b40c65cfc4161eaee9e40c1c7c45396af0aeb3ad1de8495c06f8a3db3f8ee91
485,192,exact,1.0,4691adce7e55244fd8ec5d817f63d432e7e37c894448b1469a08566a6abe59b2,4691adce7e55244fd8ec5d817f63d432e7e37c894448b1469a08566a6abe59b2
486,187,exact,1.0,0f7126a35942da23fa4f811c56c2ba53701e43f4b165bd6c8d2f4f97e72deaec,0f7126a35942da23fa4f811c56c2ba53701e43f4b165bd6c8d2f4f97e72deaec
487,398,exact,1.0,78f4e76ca5ba8e3fd2ba4ae13322faddceefd766b7c0ff0c3c5c71698edf1d41,78f4e76ca5ba8e3fd2ba4ae13322faddceefd766b7c0ff0c3c5c71698edf1d41
488,38,exact,1.0,d667513d0176341946e47f3cf82eb4d8b52433bb931c68e98d8e5ad65f550329,d667513d0176341946e47f3cf82eb4d8b52433bb931c68e98d8e5ad65f550329
489,330,exact,1.0,7e6e076c81a59049dc4fde4134812310df28318f9950788602bed45ab3235aa5,7e6e076c81a59049dc4fde4134812310df28318f9950788602bed45ab3235aa5
490,315,exact,1.0,717f99eb1dd8b5f2edd301990265a04d3ecf0dd34f6d57b21497cbf0526ed437,717f99eb1dd8b5f2edd301990265a04d3ecf0dd34f6d57b21497cbf0526ed437
491,100,exact,1.0,06303b0c1101f4ececdab6d4bae059929226595748b259b790897b6022f33d7f,06303b0c1101f4ececdab6d4bae059929226595748b259b790897b6022f33d7f
492,447,exact,1.0,1ff9b8b2f0bd5612f114eaf8fd40844497c0eec4b6d92ef0ab507a817f4bee84,1ff9b8b2f0bd5612f114eaf8fd40844497c0eec4b6d92ef0ab507a817f4bee84
493,57,exact,1.0,d016fb165138a41509f8399a14fea7209fc30236bd83439ea1f44b60acc2135c,d016fb165138a41509f8399a14fea7209fc30236bd83439ea1f44b60acc2135c
494,468,exact,1.0,1362084dbeee6588d423607e468e94f3b7f6a97c6cd7b325525cbb64077ec9d8,1362084dbeee6588d423607e468e94f3b7f6a97c6cd7b325525cbb64077ec9d8
495,162,exact,1.0,8f72ab20ea2c829924e5ab86ce263fbce36fee24cc6a73512138c48611badc96,8f72ab20ea2c829924e5ab86ce263fbce36fee24cc6a73512138c48611badc96
496,301,exact,1.0,9873ebc71e6ea3fbd1393c377482567e2814ea11baf34c311548e99c0d865c28,9873ebc71e6ea3fbd1393c377482567e2814ea11baf34c311548e99c0d865c28
497,149,exact,1.0,cedd47347b6bc5c625460e7eb2e9bb4940b18c2a4fb5e45c4cef5a1bdb324a03,cedd47347b6bc5c625460e7eb2e9bb4940b18c2a4fb5e45c4cef5a1bdb324a03
498,516,exact,1.0,66a64293bab31544fd4836d90c484bd57426012c8530002bb718666a2628d45e,66a64293bab31544fd4836d90c484bd57426012c8530002bb718666a2628d45e
499,590,exact,1.0,2d88948e4efb8a3c53d737941fad488c3b1fddc8213e61cb3b6b54ff29ecfb71,2d88948e4efb8a3c53d737941fad488c3b1fddc8213e61cb3b6b54ff29ecfb71
500,218,exact,1.0,aea958589795e2ec355e91080c56aa5d2b87e0451818679267b43d41b50cd593,aea958589795e2ec355e91080c56aa5d2b87e0451818679267b43d41b50cd593
501,492,exact,1.0,88f45b96f54f88837ade647008e8254cbb24a04304b814f46ace373fe528298c,88f45b96f54f88837ade647008e8254cbb24a04304b814f46ace373fe528298c
502,546,exact,1.0,c2ebb3d58520ba4fe6a89c10ae213269228cf98f33ace1f830e2e7616f984cfd,c2ebb3d58520ba4fe6a89c10ae213269228cf98f33ace1f830e2e7616f984cfd
503,327,exact,1.0,43886a2418070278f6f1dfea524744a74bc99bf14e4b71c977b881c3ab86fb18,43886a2418070278f6f1dfea524744a74bc99bf14e4b71c977b881c3ab86fb18
504,68,exact,1.0,3b3c1a4a5acaff0246f57d15bbbdf58235046ad7da0d941bd3f264c72aa05921,3b3c1a4a5acaff0246f57d15bbbdf58235046ad7da0d941bd3f264c72aa05921
505,460,exact,1.0,a422fa4901e92b53461869f27cfe947e25dbfa6c3427dc43c243b21723e1f231,a422fa4901e92b53461869f27cfe947e25dbfa6c3427dc43c243b21723e1f231
506,50,exact,1.0,a05d73a78134ab794bf43eece99eb6b192e5e1655c893bb2ed719e4d6837c42d,a05d73a78134ab794bf43eece99eb6b192e5e1655c893bb2ed719e4d6837c42d
507,499,exact,1.0,63f0ed6622105bf4c553c2499b1186352c51d9b348837220cd966c21d7eb66c7,63f0ed6622105bf4c553c2499b1186352c51d9b348837220cd966c21d7eb66c7
508,323,exact,1.0,03fde4ab1eae47ccd251195dee04db692f5afedc2e9ba8c6a02e0fc674bcc446,03fde4ab1eae47ccd251195dee04db692f5afedc2e9ba8c6a02e0fc674bcc446
509,6,exact,1.0,e7c8a29128c614608d210c332d634a9139d771c94fe02db2c6e516f88d7f92dd,e7c8a29128c614608d210c332d634a9139d771c94fe02db2c6e516f88d7f92dd
510,201,exact,1.0,9216348c9442dea4836504f349bdfd2aacf8f9d30dd05a4900fe9209e70375b2,9216348c9442dea4836504f349bdfd2aacf8f9d30dd05a4900fe9209e70375b2
511,479,exact,1.0,e6b5d7de5080da4502298dc1017e275a2c562d03a27cbc8baaa0963173b3adff,e6b5d7de5080da4502298dc1017e275a2c562d03a27cbc8baaa0963173b3adff
512,531,exact,1.0,48b95bcc3a716043c9d6c22e328ec67fe0c8e5e3917765ca39ae4eabcc80008e,48b95bcc3a716043c9d6c22e328ec67fe0c8e5e3917765ca39ae4eabcc80008e
513,208,exact,1.0,c1dd0af6a9a5cccb9773058806c62511c71fcb41f797698d7b6683776284f8a4,c1dd0af6a9a5cccb9773058806c62511c71fcb41f797698d7b6683776284f8a4
514,167,exact,1.0,c206d14d17487ec55e1c447f3d424479414d23c9eb031a2e33beb2962d9747ce,c206d14d17487ec55e1c447f3d424479414d23c9eb031a2e33beb2962d9747ce
515,233,exact,1.0,ccd99898bf7c3ea7cd3eee18efcf23f89c9191b6851f1236911296a50968a082,ccd99898bf7c3ea7cd3eee18efcf23f89c9191b6851f1236911296a50968a082
516,134,exact,1.0,82cbeb8bb10e6f0c71b7a7179e5c2810abeea214ad8287e8011d493e2498aa44,82cbeb8bb10e6f0c71b7a7179e5c2810abeea214ad8287e8011d493e2498aa44
517,65,exact,1.0,8c0b98efd7ae470afb10d8db9442317c8040b6e85d4d9dd9b416a8d10a39824d,8c0b98efd7ae470afb10d8db9442317c8040b6e85d4d9dd9b416a8d10a39824d
518,158,exact,1.0,91b67526b3348a04cbbb65d7020f76fe0d0b61a4377f8a4af1dfdd5ec9ecc27e,91b67526b3348a04cbbb65d7020f76fe0d0b61a4377f8a4af1dfdd5ec9ecc27e
519,572,exact,1.0,0d309d3febdda5e2b8f505dab770ad162a159fad41a5bbf9fe1e48752a153ea5,0d309d3febdda5e2b8f505dab770ad162a159fad41a5bbf9fe1e48752a153ea5
520,307,exact,1.0,a7a564e7b2ac904b0906b596c48687cec026d6a86d5aa65581cde4542ce6597c,a7a564e7b2ac904b0906b596c48687cec026d6a86d5aa65581cde4542ce6597c
521,46,exact,1.0,95ea635d22263fef8a72dfef859039316b02545f4edc18f3cf9449e1ae108fca,95ea635d22263fef8a72dfef859039316b02545f4edc18f3cf9449e1ae108fca
522,517,exact,1.0,1eebde8c681334acd0bfb35ba20655e55d7c32d384356a54a315c2a5279f995a,1eebde8c681334acd0bfb35ba20655e55d7c32d384356a54a315c2a5279f995a
523,181,exact,1.0,e667c04e2c480e1c9d574267ebf1e96cf23ffff303fb95bd810252d377bacbd5,e667c04e2c480e1c9d574267ebf1e96cf23ffff303fb95bd810252d377bacbd5
524,64,exact,1.0,858113cae3b673347c694a77b1abdea027d9f28fc994727a2fe046627ffff5cc,858113cae3b673347c694a77b1abdea027d9f28fc994727a2fe046627ffff5cc
525,482,exact,1.0,7293e965620acbed8099c97b6a68c31d78cd9eec7b8a5dc45951bd4eb6c4989e,7293e965620acbed8099c97b6a68c31d78cd9eec7b8a5dc45951bd4eb6c4989e
526,195,exact,1.0,05f8d79e799d1a919bc657bfc26543038df5d008a3d6098657b64f97417cefd8,05f8d79e799d1a919bc657bfc26543038df5d008a3d6098657b64f97417cefd8
527,123,exact,1.0,f400930990caeb74a3702a33e2355acb541242cabb6f032819603b65e5bb81c7,f400930990caeb74a3702a33e2355acb541242cabb6f032819603b65e5bb81c7
528,273,exact,1.0,b24c74d561df08fd282a96050f905514f29817761c4b3d6644ea9fffc59f3c9b,b24c74d561df08fd282a96050f905514f29817761c4b3d6644ea9fffc59f3c9b
529,141,exact,1.0,9c1e8494f78352d9ce67ba735e40d3d063e2fc7a01bc166934dddcee7d5d87b6,9c1e8494f78352d9ce67ba735e40d3d063e2fc7a01bc166934dddcee7d5d87b6
530,368,exact,1.0,64756d2fb1e08036a4b615305353a127957ccce80439482c18a0f38f92d5e382,64756d2fb1e08036a4b615305353a127957ccce80439482c18a0f38f92d5e382
531,335,exact,1.0,fcfc99dfc71e91e57f06b41ae277c52da7b89be77ca245f0d42a31717767b84b,fcfc99dfc71e91e57f06b41ae277c52da7b89be77ca245f0d42a31717767b84b
532,80,exact,1.0,d6955034a5708c56308235d7677025ddb2497868f2f1c08924cef97cb73adadb,d6955034a5708c56308235d7677025ddb2497868f2f1c08924cef97cb73adadb
533,278,exact,1.0,09c817b5a6c96558ae4a0235c880f10fb831046abe3773d5796c88b8a2bb5d1a,09c817b5a6c96558ae4a0235c880f10fb831046abe3773d5796c88b8a2bb5d1a
534,403,exact,1.0,e51d811392b2139b93c6bd65cfc95299c79facc7fdfa04181477407f52ae6af2,e51d811392b2139b93c6bd65cfc95299c79facc7fdfa04181477407f52ae6af2
535,544,exact,1.0,4c587407618d4ecccf1f2ab25d8109126512b54084427ec5e8a4d94783a3176b,4c587407618d4ecccf1f2ab25d8109126512b54084427ec5e8a4d94783a3176b
536,498,exact,1.0,ee4ba5c88ddec9db0a767ebcaf1e38833c51749df4cc48606099a734648dbc32,ee4ba5c88ddec9db0a767ebcaf1e38833c51749df4cc48606099a734648dbc32
537,112,exact,1.0,0d7da0fd0a5296ee3221d9b866a691e69e633db3fedd28a192e42abb9b7ca622,0d7da0fd0a5296ee3221d9b866a691e69e633db3fedd28a192e42abb9b7ca622
538,345,exact,1.0,9861c92c2a51ba4f83a980742f38b4e0d805d5aa3f0658f70d017cbc12e67c88,9861c92c2a51ba4f83a980742f38b4e0d805d5aa3f0658f70d017cbc12e67c88
539,406,exact,1.0,9b799a0f4e1b227ba7b566300ba177ce5dcbaa44915a92bf1beeedc62770928f,9b799a0f4e1b227ba7b566300ba177ce5dcbaa44915a92bf1beeedc62770928f
540,586,exact,1.0,49e2ac6948aeaf8e1201f44e645eeef5c3e62123faf38e78f92919899c878d59,49e2ac6948aeaf8e1201f44e645eeef5c3e62123faf38e78f92919899c878d59
541,143,exact,1.0,7ba58f359e95a1185620413a1db693e9b7caad4cc4329a5f3bfa089ee7e6cf37,7ba58f359e95a1185620413a1db693e9b7caad4cc4329a5f3bfa089ee7e6cf37
542,166,exact,1.0,a99b800d7345e14385205a1152e7b7ab29a4c1c8fcf1c0216b7e2dd4e5c6bf9c,a99b800d7345e14385205a1152e7b7ab29a4c1c8fcf1c0216b7e2dd4e5c6bf9c
543,412,exact,1.0,f7f7f8ca5ea2673e83912c6bec50ef2d85c45c00d9d7f947d94346368c3fa8a6,f7f7f8ca5ea2673e83912c6bec50ef2d85c45c00d9d7f947d94346368c3fa8a6
544,179,exact,1.0,19cd492f95fcf12feb008e469a2d94892cc703133ef799bbc1c76a37136536d9,19cd492f95fcf12feb008e469a2d94892cc703133ef799bbc1c76a37136536d9
545,416,exact,1.0,b5c84dd638294029267fa2837912f93c35e1bfd4c7481c99bf7e1bfc214d5877,b5c84dd638294029267fa2837912f93c35e1bfd4c7481c99bf7e1bfc214d5877
546,376,exact,1.0,f25e25a5b2f10752dcec9d801e5a586a08eef95c41403b2dfe90c8c10ac5f75b,f25e25a5b2f10752dcec9d801e5a586a08eef95c41403b2dfe90c8c10ac5f75b
547,248,exact,1.0,0bf1a78fe63783fb35c3c62dfb2849428287777b9de1c3b8466afe4efbe5804d,0bf1a78fe63783fb35c3c62dfb2849428287777b9de1c3b8466afe4efbe5804d
548,272,exact,1.0,1e1e7c36acce0ca6f34eb42e807bfda0ed96cc59e12528673a09ccd6babb11e2,1e1e7c36acce0ca6f34eb42e807bfda0ed96cc59e12528673a09ccd6babb11e2
549,467,exact,1.0,eaaeab3b889c617b6908ec12e9bde7ae081b0342941c5701743d619b57327c69,eaaeab3b889c617b6908ec12e9bde7ae081b0342941c5701743d619b57327c69
550,137,exact,1.0,7373d83425cca1e0ccfeb4b207f6ba4a2f3a867f66fe4d36035f51db1a59e98a,7373d83425cca1e0ccfeb4b207f6ba4a2f3a867f66fe4d36035f51db1a59e98a
551,279,exact,1.0,4393c8bea22cd0b66d67cd20c42ee3c97efab8d6456f779508b05257b828f0cf,4393c8bea22cd0b66d67cd20c42ee3c97efab8d6456f779508b05257b828f0cf
552,41,exact,1.0,186817c28c15aeffb1c131f8301c4a7efa899e08d756c5007f82636da2c9eea4,186817c28c15aeffb1c131f8301c4a7efa899e08d756c5007f82636da2c9eea4
553,555,exact,1.0,9f7214d4e03c527beeec4106535967d402a11c9eccb9fc1f0fbc2f2a1781d3e8,9f7214d4e03c527beeec4106535967d402a11c9eccb9fc1f0fbc2f2a1781d3e8
554,176,exact,1.0,b7b09d7d0a230a6ea3a710fe124fe6f25b8ffecfbd7db560e0fd4bb8f070dd50,b7b09d7d0a230a6ea3a710fe124fe6f25b8ffecfbd7db560e0fd4bb8f070dd50
555,283,exact,1.0,7838f5c6df7c4e9e00c60f063b4f8951e88fc1ce3b8d4d248c1c23756a02f261,7838f5c6df7c4e9e00c60f063b4f8951e88fc1ce3b8d4d248c1c23756a02f261
556,451,exact,1.0,896ae235366242f636d0c9b048dd6ee054ba7a8e8cc7655bb4782561f859934f,896ae235366242f636d0c9b048dd6ee054ba7a8e8cc7655bb4782561f859934f
557,183,exact,1.0,f2fb3c422cc2dcac7c272c4208206a32d88054f73d66272af822b1a988f3baed,f2fb3c422cc2dcac7c272c4208206a32d88054f73d66272af822b1a988f3baed
558,483,exact,1.0,4bea51c45d14b6547bb6f766f2c9996c9a95a1277edf7381feb2849e91b33853,4bea51c45d14b6547bb6f766f2c9996c9a95a1277edf7381feb2849e91b33853
559,267,exact,1.0,f44aa90ee12f31cfc79d913d4a98d2f8a206cfb91969340e548bb8cae3f51dea,f44aa90ee12f31cfc79d913d4a98d2f8a206cfb91969340e548bb8cae3f51dea
560,230,exact,1.0,39d3ea6e5b77e3847f52c2913471d1a2fd9a22e2d15d4ccc86f28ad423186674,39d3ea6e5b77e3847f52c2913471d1a2fd9a22e2d15d4ccc86f28ad423186674
561,477,exact,1.0,3def8adad260d16db1e551added9e1fde99574d884c217d32e445de55acb733f,3def8adad260d16db1e551added9e1fde99574d884c217d32e445de55acb733f
562,280,exact,1.0,ae7c5ed761df5209349984bd5a59121125e2c7db197354aee20e4c2d9010d8d7,ae7c5ed761df5209349984bd5a59121125e2c7db197354aee20e4c2d9010d8d7
563,446,exact,1.0,109fe2c91e718c44a69d5c7c97f51a753cb3d2dcd1855d37facb0a585d102049,109fe2c91e718c44a69d5c7c97f51a753cb3d2dcd1855d37facb0a585d102049
564,219,exact,1.0,5b93d54c140d37fa327a57725512f0374b184edc60a8656220eca74e22816cfb,5b93d54c140d37fa327a57725512f0374b184edc60a8656220eca74e22816cfb
565,47,exact,1.0,e8457aeb3c8143fdf62428d040bdb373b66cc9d24046552d07511f06aefc1750,e8457aeb3c8143fdf62428d040bdb373b66cc9d24046552d07511f06aefc1750
566,204,exact,1.0,35dc6ed3e978ce0abdeee0dbe63b9149c33231f0f6336397969cca4234182b2d,35dc6ed3e978ce0abdeee0dbe63b9149c33231f0f6336397969cca4234182b2d
567,409,exact,1.0,2cf2d49889395500de73d4185fe7d0c4dee7dbfb9ab0cf79e8a04e6862ed7d8a,2cf2d49889395500de73d4185fe7d0c4dee7dbfb9ab0cf79e8a04e6862ed7d8a
568,284,exact,1.0,39cb1f82472388928f7825a09c4ec9c9dcfbca4038135b05e08384fc95545758,39cb1f82472388928f7825a09c4ec9c9dcfbca4038135b05e08384fc95545758
569,120,exact,1.0,9ba9b5ed0006eb0e8662d24858dbbf6175d0c4a616a9ce541cdc9e0d201fd29b,9ba9b5ed0006eb0e8662d24858dbbf6175d0c4a616a9ce541cdc9e0d201fd29b
570,45,exact,1.0,72d38be8c08f9fbc1b4276fdde13f56c20b8de76e42b3715939d04595bd3fef3,72d38be8c08f9fbc1b4276fdde13f56c20b8de76e42b3715939d04595bd3fef3
571,62,exact,1.0,3163d89be27ba5d85fe5749d1e42e0d2bf3f5c4395b25abfa59fc8ae01249116,3163d89be27ba5d85fe5749d1e42e0d2bf3f5c4395b25abfa59fc8ae01249116
572,387,exact,1.0,7c6b45ad66b2bef0d3053953bd63941bea45571e8018efd9daa58aee9fca72b1,7c6b45ad66b2bef0d3053953bd63941bea45571e8018efd9daa58aee9fca72b1
573,328,exact,1.0,8c3dfcfea8fa9f5538810ff362ee5818844b59138a114193c27d4078d1edeea1,8c3dfcfea8fa9f5538810ff362ee5818844b59138a114193c27d4078d1edeea1
574,285,exact,1.0,bd203cf1c83a9259d44c0dedee1943867ee81e3a887f143d6964466b6cfe5ea0,bd203cf1c83a9259d44c0dedee1943867ee81e3a887f143d6964466b6cfe5ea0
575,288,exact,1.0,43e7dfbf9505a131c45d7545e76c28d233859f8d634475ca8a3dfd97a7395cd2,43e7dfbf9505a131c45d7545e76c28d233859f8d634475ca8a3dfd97a7395cd2
576,431,exact,1.0,f14837562004cafc6221546b5088c0d1f0ec0d12bcec75ad6ba75306fc31d151,f14837562004cafc6221546b5088c0d1f0ec0d12bcec75ad6ba75306fc31d151
577,591,exact,1.0,1b0ce866b18fe7f4d351f2b4fefc2b3e2b5581d34586cf98181a8f4e67ff2eb0,1b0ce866b18fe7f4d351f2b4fefc2b3e2b5581d34586cf98181a8f4e67ff2eb0
578,470,exact,1.0,ae7cf9eb3f774f88b44ca2b0f26950cd0d6ea7d208601be5d25d289a67ed0b6c,ae7cf9eb3f774f88b44ca2b0f26950cd0d6ea7d208601be5d25d289a67ed0b6c
579,324,exact,1.0,2990fbe781085ab5e2a89e98cb4b4b752d0ce3184a53950e31504cff1dc599ba,2990fbe781085ab5e2a89e98cb4b4b752d0ce3184a53950e31504cff1dc599ba
580,238,exact,1.0,1d3bd3c731779a3ad713991cf695ae4fa7408ce7a0bb1dcdab025de67f1408af,1d3bd3c731779a3ad713991cf695ae4fa7408ce7a0bb1dcdab025de67f1408af
581,172,exact,1.0,1c56deca96936ac7f054dfaa4a7d4334fb0f9c2e8802c0fff73c524aa6ca75ef,1c56deca96936ac7f054dfaa4a7d4334fb0f9c2e8802c0fff73c524aa6ca75ef
582,224,exact,1.0,565be8c3b7cfb29d05eaf525d08141f9c5618a34c4dbe6aa47faea6d4324e0a4,565be8c3b7cfb29d05eaf525d08141f9c5618a34c4dbe6aa47faea6d4324e0a4
583,357,exact,1.0,4d306cf0fef99070cf1bb05e8d8d5867303c783139010aa620557d4585a577e0,4d306cf0fef99070cf1bb05e8d8d5867303c783139010aa620557d4585a577e0
584,415,exact,1.0,e66035f12b8d559c8b204d3ec97a8e56307325179aaa43f286cb793425f67503,e66035f12b8d559c8b204d3ec97a8e56307325179aaa43f286cb793425f67503
585,15,exact,1.0,9e491ca70963029f8f6e568048a6ab71737acea640672bf0a8e8e56280db2801,9e491ca70963029f8f6e568048a6ab71737acea640672bf0a8e8e56280db2801
586,266,exact,1.0,5ecf6d5fdec64d2f9ea4c8c1c1c4cceafe9abb150ee47351d0a8c2a066843257,5ecf6d5fdec64d2f9ea4c8c1c1c4cceafe9abb150ee47351d0a8c2a066843257
587,543,exact,1.0,3c3c241e4a97ebe354fe5a8156ae091116dc04df52f82041cb5056ebf3f1a197,3c3c241e4a97ebe354fe5a8156ae091116dc04df52f82041cb5056ebf3f1a197
588,581,exact,1.0,4b1315e196a1530c87c9736041f80b75c38d92ae8b770f46a259c136b3ad4d06,4b1315e196a1530c87c9736041f80b75c38d92ae8b770f46a259c136b3ad4d06
589,52,exact,1.0,a051e9487d29ad2020ff6068aa69fb078b010dba60406ef338a200cd25d24349,a051e9487d29ad2020ff6068aa69fb078b010dba60406ef338a200cd25d24349
590,478,exact,1.0,6711c2b9deb570f3126cae77c2c6ade0b9d07e983d541fc094fd043be473351e,6711c2b9deb570f3126cae77c2c6ade0b9d07e983d541fc094fd043be473351e
591,246,exact,1.0,1dd4e38d2d35e8b4d558a04feef5efdcf4a2f3edbc4f3994baa41d8ffe76ef4c,1dd4e38d2d35e8b4d558a04feef5efdcf4a2f3edbc4f3994baa41d8ffe76ef4c
592,282,exact,1.0,caba63deb9c50ac530407875ae3d93ce4facce026b538735710c2bb99e83ab40,caba63deb9c50ac530407875ae3d93ce4facce026b538735710c2bb99e83ab40
593,199,exact,1.0,13d2406e21af55547d6892ceed302417ed5cf8079bc41f65889f1e7b46fdd7ce,13d2406e21af55547d6892ceed302417ed5cf8079bc41f65889f1e7b46fdd7ce
594,347,exact,1.0,84bf815b116844c0a4a377bfc806618efe419b5b0427179c4306ab80858fa410,84bf815b116844c0a4a377bfc806618efe419b5b0427179c4306ab80858fa410
595,504,exact,1.0,fa5b5b9e420787e02a7cdfa9423b04d1e6227c656d2a61a1a78ee87ce61fd4e6,fa5b5b9e420787e02a7cdfa9423b04d1e6227c656d2a61a1a78ee87ce61fd4e6
596,12,exact,1.0,e0309e02a7546dbb1054c3599a4769936906badcc1954df1c49cdf872fc2b7a0,e0309e02a7546dbb1054c3599a4769936906badcc1954df1c49cdf872fc2b7a0
597,2,exact,1.0,595b6743b581bc33e70e8bb7cdde922ab776d43eb3699cf43910760aa4c84bf4,595b6743b581bc33e70e8bb7cdde922ab776d43eb3699cf43910760aa4c84bf4
598,214,exact,1.0,a1975ccbb4de4cf66241e36500bec9255fb79bd55ca764607de8de704a9c86fc,a1975ccbb4de4cf66241e36500bec9255fb79bd55ca764607de8de704a9c86fc
599,264,exact,1.0,deabe9186924f66b7986956626ad5d205a5a92bf6db7ad1f1f149344a29f8880,deabe9186924f66b7986956626ad5d205a5a92bf6db7ad1f1f149344a29f8880
